BEGIN TRANSACTION;
CREATE TABLE IF NOT EXISTS "Addresses" (
	"Id"	INTEGER NOT NULL,
	"UserId"	TEXT NOT NULL,
	"Title"	TEXT,
	"CompanyName"	TEXT,
	"Country"	TEXT,
	"City"	TEXT,
	"AddressLine"	TEXT,
	"AddressLine2"	TEXT,
	"ZipCode"	TEXT,
	CONSTRAINT "PK_Addresses" PRIMARY KEY("Id" AUTOINCREMENT),
	CONSTRAINT "FK_Addresses_AspNetUsers_UserId" FOREIGN KEY("UserId") REFERENCES "AspNetUsers"("Id") ON DELETE CASCADE
);
CREATE TABLE IF NOT EXISTS "AspNetRoleClaims" (
	"Id"	INTEGER NOT NULL,
	"RoleId"	TEXT NOT NULL,
	"ClaimType"	TEXT,
	"ClaimValue"	TEXT,
	CONSTRAINT "PK_AspNetRoleClaims" PRIMARY KEY("Id" AUTOINCREMENT),
	CONSTRAINT "FK_AspNetRoleClaims_AspNetRoles_RoleId" FOREIGN KEY("RoleId") REFERENCES "AspNetRoles"("Id") ON DELETE CASCADE
);
CREATE TABLE IF NOT EXISTS "AspNetRoles" (
	"Id"	TEXT NOT NULL,
	"Name"	TEXT,
	"NormalizedName"	TEXT,
	"ConcurrencyStamp"	TEXT,
	CONSTRAINT "PK_AspNetRoles" PRIMARY KEY("Id")
);
CREATE TABLE IF NOT EXISTS "AspNetUserClaims" (
	"Id"	INTEGER NOT NULL,
	"UserId"	TEXT NOT NULL,
	"ClaimType"	TEXT,
	"ClaimValue"	TEXT,
	CONSTRAINT "PK_AspNetUserClaims" PRIMARY KEY("Id" AUTOINCREMENT),
	CONSTRAINT "FK_AspNetUserClaims_AspNetUsers_UserId" FOREIGN KEY("UserId") REFERENCES "AspNetUsers"("Id") ON DELETE CASCADE
);
CREATE TABLE IF NOT EXISTS "AspNetUserLogins" (
	"LoginProvider"	TEXT NOT NULL,
	"ProviderKey"	TEXT NOT NULL,
	"ProviderDisplayName"	TEXT,
	"UserId"	TEXT NOT NULL,
	CONSTRAINT "PK_AspNetUserLogins" PRIMARY KEY("LoginProvider","ProviderKey"),
	CONSTRAINT "FK_AspNetUserLogins_AspNetUsers_UserId" FOREIGN KEY("UserId") REFERENCES "AspNetUsers"("Id") ON DELETE CASCADE
);
CREATE TABLE IF NOT EXISTS "AspNetUserRoles" (
	"UserId"	TEXT NOT NULL,
	"RoleId"	TEXT NOT NULL,
	CONSTRAINT "PK_AspNetUserRoles" PRIMARY KEY("UserId","RoleId"),
	CONSTRAINT "FK_AspNetUserRoles_AspNetRoles_RoleId" FOREIGN KEY("RoleId") REFERENCES "AspNetRoles"("Id") ON DELETE CASCADE,
	CONSTRAINT "FK_AspNetUserRoles_AspNetUsers_UserId" FOREIGN KEY("UserId") REFERENCES "AspNetUsers"("Id") ON DELETE CASCADE
);
CREATE TABLE IF NOT EXISTS "AspNetUserTokens" (
	"UserId"	TEXT NOT NULL,
	"LoginProvider"	TEXT NOT NULL,
	"Name"	TEXT NOT NULL,
	"Value"	TEXT,
	CONSTRAINT "PK_AspNetUserTokens" PRIMARY KEY("UserId","LoginProvider","Name"),
	CONSTRAINT "FK_AspNetUserTokens_AspNetUsers_UserId" FOREIGN KEY("UserId") REFERENCES "AspNetUsers"("Id") ON DELETE CASCADE
);
CREATE TABLE IF NOT EXISTS "AspNetUsers" (
	"Id"	TEXT NOT NULL,
	"AccessFailedCount"	INTEGER NOT NULL,
	"Address"	TEXT,
	"ConcurrencyStamp"	TEXT,
	"CreatedAt"	TEXT NOT NULL,
	"Email"	TEXT,
	"EmailConfirmed"	INTEGER NOT NULL,
	"FirstName"	TEXT NOT NULL,
	"LastName"	TEXT NOT NULL,
	"LockoutEnabled"	INTEGER NOT NULL,
	"LockoutEnd"	TEXT,
	"NormalizedEmail"	TEXT,
	"NormalizedUserName"	TEXT,
	"PasswordHash"	TEXT,
	"PhoneNumber"	TEXT,
	"PhoneNumberConfirmed"	INTEGER NOT NULL,
	"ProfileImageUrl"	TEXT,
	"SecurityStamp"	TEXT,
	"TwoFactorEnabled"	INTEGER NOT NULL,
	"UserName"	TEXT,
	CONSTRAINT "PK_AspNetUsers" PRIMARY KEY("Id")
);
CREATE TABLE IF NOT EXISTS "Cart_Items" (
	"Id"	INTEGER NOT NULL,
	"CartId"	INTEGER NOT NULL,
	"ProductId"	INTEGER NOT NULL,
	"Quantity"	INTEGER NOT NULL,
	CONSTRAINT "PK_Cart_Items" PRIMARY KEY("Id" AUTOINCREMENT),
	CONSTRAINT "FK_Cart_Items_Carts_CartId" FOREIGN KEY("CartId") REFERENCES "Carts"("Id") ON DELETE CASCADE,
	CONSTRAINT "FK_Cart_Items_Products_ProductId" FOREIGN KEY("ProductId") REFERENCES "Products"("Id") ON DELETE CASCADE
);
CREATE TABLE IF NOT EXISTS "Carts" (
	"Id"	INTEGER NOT NULL,
	"UserId"	TEXT NOT NULL,
	"CreatedAt"	TEXT NOT NULL,
	CONSTRAINT "PK_Carts" PRIMARY KEY("Id" AUTOINCREMENT),
	CONSTRAINT "FK_Carts_AspNetUsers_UserId" FOREIGN KEY("UserId") REFERENCES "AspNetUsers"("Id") ON DELETE CASCADE
);
CREATE TABLE IF NOT EXISTS "Categories" (
	"Id"	INTEGER NOT NULL,
	"Name"	TEXT NOT NULL,
	"ParentId"	INTEGER,
	"ImageUrl"	TEXT,
	CONSTRAINT "PK_Categories" PRIMARY KEY("Id" AUTOINCREMENT),
	CONSTRAINT "FK_Categories_Categories_ParentId" FOREIGN KEY("ParentId") REFERENCES "Categories"("Id") ON DELETE RESTRICT
);
CREATE TABLE IF NOT EXISTS "Colors" (
	"Id"	INTEGER NOT NULL,
	"Name"	TEXT NOT NULL,
	"HexCode"	TEXT,
	CONSTRAINT "PK_Colors" PRIMARY KEY("Id" AUTOINCREMENT)
);
CREATE TABLE IF NOT EXISTS "Conversations" (
	"Id"	INTEGER NOT NULL,
	"BuyerId"	TEXT NOT NULL,
	"SellerId"	TEXT NOT NULL,
	"ProductId"	INTEGER NOT NULL,
	"CreatedAt"	TEXT NOT NULL,
	"LastMessageDate"	TEXT NOT NULL DEFAULT '0001-01-01 00:00:00',
	CONSTRAINT "PK_Conversations" PRIMARY KEY("Id" AUTOINCREMENT),
	CONSTRAINT "FK_Conversations_AspNetUsers_BuyerId" FOREIGN KEY("BuyerId") REFERENCES "AspNetUsers"("Id") ON DELETE RESTRICT,
	CONSTRAINT "FK_Conversations_Products_ProductId" FOREIGN KEY("ProductId") REFERENCES "Products"("Id") ON DELETE CASCADE,
	CONSTRAINT "FK_Conversations_AspNetUsers_SellerId" FOREIGN KEY("SellerId") REFERENCES "AspNetUsers"("Id") ON DELETE RESTRICT
);
CREATE TABLE IF NOT EXISTS "Coupons" (
	"Id"	INTEGER NOT NULL,
	"Code"	TEXT NOT NULL,
	"DiscountType"	TEXT,
	"DiscountValue"	decimal(18, 2),
	"StartDate"	TEXT,
	"EndDate"	TEXT,
	"UsageLimit"	INTEGER,
	"Status"	TEXT NOT NULL,
	CONSTRAINT "PK_Coupons" PRIMARY KEY("Id" AUTOINCREMENT),
	CONSTRAINT "CK_Coupons_DiscountType" CHECK("DiscountType" IN ('percentage', 'fixed'))
);
CREATE TABLE IF NOT EXISTS "Favorites" (
	"Id"	INTEGER NOT NULL,
	"UserId"	TEXT NOT NULL,
	"ProductId"	INTEGER NOT NULL,
	"CreatedAt"	TEXT NOT NULL,
	CONSTRAINT "PK_Favorites" PRIMARY KEY("Id" AUTOINCREMENT),
	CONSTRAINT "FK_Favorites_Products_ProductId" FOREIGN KEY("ProductId") REFERENCES "Products"("Id") ON DELETE CASCADE,
	CONSTRAINT "FK_Favorites_AspNetUsers_UserId" FOREIGN KEY("UserId") REFERENCES "AspNetUsers"("Id") ON DELETE CASCADE
);
CREATE TABLE IF NOT EXISTS "Messages" (
	"Id"	INTEGER NOT NULL,
	"ConversationId"	INTEGER NOT NULL,
	"SenderId"	TEXT NOT NULL,
	"Content"	TEXT NOT NULL,
	"IsRead"	INTEGER NOT NULL,
	"SentAt"	TEXT NOT NULL,
	CONSTRAINT "PK_Messages" PRIMARY KEY("Id" AUTOINCREMENT),
	CONSTRAINT "FK_Messages_Conversations_ConversationId" FOREIGN KEY("ConversationId") REFERENCES "Conversations"("Id") ON DELETE CASCADE,
	CONSTRAINT "FK_Messages_AspNetUsers_SenderId" FOREIGN KEY("SenderId") REFERENCES "AspNetUsers"("Id") ON DELETE RESTRICT
);
CREATE TABLE IF NOT EXISTS "Order_Items" (
	"Id"	INTEGER NOT NULL,
	"OrderId"	INTEGER NOT NULL,
	"ProductId"	INTEGER NOT NULL,
	"SellerId"	TEXT NOT NULL,
	"Price"	decimal(18, 2) NOT NULL,
	"Quantity"	INTEGER NOT NULL,
	CONSTRAINT "PK_Order_Items" PRIMARY KEY("Id" AUTOINCREMENT),
	CONSTRAINT "FK_Order_Items_Orders_OrderId" FOREIGN KEY("OrderId") REFERENCES "Orders"("Id") ON DELETE CASCADE,
	CONSTRAINT "FK_Order_Items_Products_ProductId" FOREIGN KEY("ProductId") REFERENCES "Products"("Id") ON DELETE CASCADE,
	CONSTRAINT "FK_Order_Items_AspNetUsers_SellerId" FOREIGN KEY("SellerId") REFERENCES "AspNetUsers"("Id") ON DELETE RESTRICT
);
CREATE TABLE IF NOT EXISTS "Orders" (
	"Id"	INTEGER NOT NULL,
	"OrderCode"	TEXT NOT NULL,
	"BuyerId"	TEXT NOT NULL,
	"AddressId"	INTEGER,
	"CouponId"	INTEGER,
	"PaymentMethod"	TEXT,
	"Subtotal"	decimal(18, 2) NOT NULL,
	"ShippingCost"	decimal(18, 2) NOT NULL,
	"DiscountAmount"	decimal(18, 2) NOT NULL,
	"TotalPrice"	decimal(18, 2) NOT NULL,
	"Status"	TEXT,
	"CreatedAt"	TEXT NOT NULL,
	CONSTRAINT "PK_Orders" PRIMARY KEY("Id" AUTOINCREMENT),
	CONSTRAINT "FK_Orders_Addresses_AddressId" FOREIGN KEY("AddressId") REFERENCES "Addresses"("Id"),
	CONSTRAINT "FK_Orders_AspNetUsers_BuyerId" FOREIGN KEY("BuyerId") REFERENCES "AspNetUsers"("Id") ON DELETE RESTRICT,
	CONSTRAINT "FK_Orders_Coupons_CouponId" FOREIGN KEY("CouponId") REFERENCES "Coupons"("Id"),
	CONSTRAINT "CK_Orders_PaymentMethod" CHECK("PaymentMethod" IN ('bank_transfer', 'cash_on_delivery', 'credit_card')),
	CONSTRAINT "CK_Orders_Status" CHECK("Status" IN ('preparing', 'shipped', 'delivered', 'cancelled'))
);
CREATE TABLE IF NOT EXISTS "Product_Images" (
	"Id"	INTEGER NOT NULL,
	"ProductId"	INTEGER NOT NULL,
	"ImageUrl"	TEXT NOT NULL,
	"IsMain"	INTEGER NOT NULL,
	CONSTRAINT "PK_Product_Images" PRIMARY KEY("Id" AUTOINCREMENT),
	CONSTRAINT "FK_Product_Images_Products_ProductId" FOREIGN KEY("ProductId") REFERENCES "Products"("Id") ON DELETE CASCADE
);
CREATE TABLE IF NOT EXISTS "Product_Reports" (
	"Id"	INTEGER NOT NULL,
	"ReporterId"	TEXT NOT NULL,
	"ProductId"	INTEGER NOT NULL,
	"Reason"	TEXT NOT NULL,
	"Description"	TEXT,
	"Status"	TEXT NOT NULL,
	"CreatedAt"	TEXT NOT NULL,
	CONSTRAINT "PK_Product_Reports" PRIMARY KEY("Id" AUTOINCREMENT),
	CONSTRAINT "FK_Product_Reports_Products_ProductId" FOREIGN KEY("ProductId") REFERENCES "Products"("Id") ON DELETE CASCADE,
	CONSTRAINT "FK_Product_Reports_AspNetUsers_ReporterId" FOREIGN KEY("ReporterId") REFERENCES "AspNetUsers"("Id") ON DELETE CASCADE
);
CREATE TABLE IF NOT EXISTS "Products" (
	"Id"	INTEGER NOT NULL,
	"CategoryId"	INTEGER NOT NULL,
	"ColorId"	INTEGER,
	"CreatedAt"	TEXT NOT NULL,
	"Description"	TEXT,
	"Gender"	TEXT,
	"IsFreeShipping"	INTEGER NOT NULL,
	"OriginalPrice"	decimal(18, 2),
	"Price"	decimal(18, 2) NOT NULL,
	"SellerId"	TEXT NOT NULL,
	"Status"	TEXT,
	"StockQty"	INTEGER NOT NULL,
	"Title"	TEXT NOT NULL,
	"UpdatedAt"	TEXT,
	CONSTRAINT "PK_Products" PRIMARY KEY("Id" AUTOINCREMENT),
	CONSTRAINT "FK_Products_Categories_CategoryId" FOREIGN KEY("CategoryId") REFERENCES "Categories"("Id") ON DELETE CASCADE,
	CONSTRAINT "FK_Products_Colors_ColorId" FOREIGN KEY("ColorId") REFERENCES "Colors"("Id"),
	CONSTRAINT "FK_Products_AspNetUsers_SellerId" FOREIGN KEY("SellerId") REFERENCES "AspNetUsers"("Id") ON DELETE RESTRICT,
	CONSTRAINT "CK_Products_Gender" CHECK("Gender" IN ('Male', 'Female', 'Unisex', 'Kids')),
	CONSTRAINT "CK_Products_Status" CHECK("Status" IN ('available', 'draft', 'published', 'sold', 'blocked'))
);
CREATE TABLE IF NOT EXISTS "Reviews" (
	"Id"	INTEGER NOT NULL,
	"UserId"	TEXT NOT NULL,
	"ProductId"	INTEGER NOT NULL,
	"Rating"	INTEGER,
	"Comment"	TEXT,
	"CreatedAt"	TEXT NOT NULL,
	CONSTRAINT "PK_Reviews" PRIMARY KEY("Id" AUTOINCREMENT),
	CONSTRAINT "FK_Reviews_Products_ProductId" FOREIGN KEY("ProductId") REFERENCES "Products"("Id") ON DELETE CASCADE,
	CONSTRAINT "FK_Reviews_AspNetUsers_UserId" FOREIGN KEY("UserId") REFERENCES "AspNetUsers"("Id") ON DELETE CASCADE,
	CONSTRAINT "CK_Reviews_Rating" CHECK("Rating" >= 1 AND "Rating" <= 5)
);
CREATE TABLE IF NOT EXISTS "Trade_Items" (
	"Id"	INTEGER NOT NULL,
	"TradeId"	INTEGER NOT NULL,
	"ProductId"	INTEGER NOT NULL,
	"ItemType"	TEXT,
	CONSTRAINT "PK_Trade_Items" PRIMARY KEY("Id" AUTOINCREMENT),
	CONSTRAINT "FK_Trade_Items_Products_ProductId" FOREIGN KEY("ProductId") REFERENCES "Products"("Id") ON DELETE CASCADE,
	CONSTRAINT "FK_Trade_Items_Trade_Offers_TradeId" FOREIGN KEY("TradeId") REFERENCES "Trade_Offers"("Id") ON DELETE CASCADE,
	CONSTRAINT "CK_TradeItems_ItemType" CHECK("ItemType" IN ('offered', 'requested'))
);
CREATE TABLE IF NOT EXISTS "Trade_Offers" (
	"Id"	INTEGER NOT NULL,
	"CreatedAt"	TEXT NOT NULL,
	"OfferedCashAmount"	decimal(18, 2),
	"OffererId"	TEXT NOT NULL,
	"OffererMessage"	TEXT,
	"ReceiverId"	TEXT NOT NULL,
	"Status"	TEXT NOT NULL,
	"TradeCode"	TEXT NOT NULL,
	"UpdatedAt"	TEXT,
	"ProductId"	INTEGER NOT NULL DEFAULT 0,
	CONSTRAINT "PK_Trade_Offers" PRIMARY KEY("Id" AUTOINCREMENT),
	CONSTRAINT "FK_Trade_Offers_AspNetUsers_OffererId" FOREIGN KEY("OffererId") REFERENCES "AspNetUsers"("Id") ON DELETE RESTRICT,
	CONSTRAINT "FK_Trade_Offers_AspNetUsers_ReceiverId" FOREIGN KEY("ReceiverId") REFERENCES "AspNetUsers"("Id") ON DELETE RESTRICT,
	CONSTRAINT "CK_TradeOffers_Status" CHECK("Status" IN ('pending', 'accepted', 'rejected', 'cancelled', 'Pending', 'Accepted', 'Rejected', 'Cancelled'))
);
CREATE TABLE IF NOT EXISTS "User_Cards" (
	"Id"	INTEGER NOT NULL,
	"UserId"	TEXT NOT NULL,
	"CardHolderName"	TEXT NOT NULL,
	"CardNumber"	TEXT NOT NULL,
	"ExpiryDate"	TEXT,
	"Cvv"	TEXT,
	"IsDefault"	INTEGER NOT NULL,
	"CreatedAt"	TEXT NOT NULL,
	CONSTRAINT "PK_User_Cards" PRIMARY KEY("Id" AUTOINCREMENT),
	CONSTRAINT "FK_User_Cards_AspNetUsers_UserId" FOREIGN KEY("UserId") REFERENCES "AspNetUsers"("Id") ON DELETE CASCADE
);
CREATE TABLE IF NOT EXISTS "__EFMigrationsHistory" (
	"MigrationId"	TEXT NOT NULL,
	"ProductVersion"	TEXT NOT NULL,
	CONSTRAINT "PK___EFMigrationsHistory" PRIMARY KEY("MigrationId")
);
INSERT INTO "Addresses" ("Id","UserId","Title","CompanyName","Country","City","AddressLine","AddressLine2","ZipCode") VALUES (1,'user-uuid-36','Adresim 1',NULL,'Türkiye','İstanbul','Sokak No: 1',NULL,'34000'),
 (2,'user-uuid-46','Adresim 2',NULL,'Türkiye','İstanbul','Sokak No: 2',NULL,'34000'),
 (3,'user-uuid-49','Adresim 3',NULL,'Türkiye','İstanbul','Sokak No: 3',NULL,'34000'),
 (5,'user-uuid-25','Adresim 5',NULL,'Türkiye','İstanbul','Sokak No: 5',NULL,'34000'),
 (6,'user-uuid-7','Adresim 6',NULL,'Türkiye','İstanbul','Sokak No: 6',NULL,'34000'),
 (7,'user-uuid-42','Adresim 7',NULL,'Türkiye','İstanbul','Sokak No: 7',NULL,'34000'),
 (8,'user-uuid-43','Adresim 8',NULL,'Türkiye','İstanbul','Sokak No: 8',NULL,'34000'),
 (9,'user-uuid-30','Adresim 9',NULL,'Türkiye','İstanbul','Sokak No: 9',NULL,'34000'),
 (10,'user-uuid-26','Adresim 10',NULL,'Türkiye','İstanbul','Sokak No: 10',NULL,'34000'),
 (11,'user-uuid-44','Adresim 11',NULL,'Türkiye','İstanbul','Sokak No: 11',NULL,'34000'),
 (12,'user-uuid-31','Adresim 12',NULL,'Türkiye','İstanbul','Sokak No: 12',NULL,'34000'),
 (13,'user-uuid-41','Adresim 13',NULL,'Türkiye','İstanbul','Sokak No: 13',NULL,'34000'),
 (14,'user-uuid-44','Adresim 14',NULL,'Türkiye','İstanbul','Sokak No: 14',NULL,'34000'),
 (15,'user-uuid-40','Adresim 15',NULL,'Türkiye','İstanbul','Sokak No: 15',NULL,'34000'),
 (16,'user-uuid-48','Adresim 16',NULL,'Türkiye','İstanbul','Sokak No: 16',NULL,'34000'),
 (18,'user-uuid-46','Adresim 18',NULL,'Türkiye','İstanbul','Sokak No: 18',NULL,'34000'),
 (19,'user-uuid-42','Adresim 19',NULL,'Türkiye','İstanbul','Sokak No: 19',NULL,'34000'),
 (20,'user-uuid-37','Adresim 20',NULL,'Türkiye','İstanbul','Sokak No: 20',NULL,'34000'),
 (21,'user-uuid-7','Adresim 21',NULL,'Türkiye','İstanbul','Sokak No: 21',NULL,'34000'),
 (22,'user-uuid-38','Adresim 22',NULL,'Türkiye','İstanbul','Sokak No: 22',NULL,'34000'),
 (23,'user-uuid-13','Adresim 23',NULL,'Türkiye','İstanbul','Sokak No: 23',NULL,'34000'),
 (24,'user-uuid-19','Adresim 24',NULL,'Türkiye','İstanbul','Sokak No: 24',NULL,'34000'),
 (25,'user-uuid-38','Adresim 25',NULL,'Türkiye','İstanbul','Sokak No: 25',NULL,'34000'),
 (26,'user-uuid-47','Adresim 26',NULL,'Türkiye','İstanbul','Sokak No: 26',NULL,'34000'),
 (27,'user-uuid-13','Adresim 27',NULL,'Türkiye','İstanbul','Sokak No: 27',NULL,'34000'),
 (28,'user-uuid-9','Adresim 28',NULL,'Türkiye','İstanbul','Sokak No: 28',NULL,'34000'),
 (29,'user-uuid-20','Adresim 29',NULL,'Türkiye','İstanbul','Sokak No: 29',NULL,'34000'),
 (30,'user-uuid-45','Adresim 30',NULL,'Türkiye','İstanbul','Sokak No: 30',NULL,'34000'),
 (31,'user-uuid-34','Adresim 31',NULL,'Türkiye','İstanbul','Sokak No: 31',NULL,'34000'),
 (32,'user-uuid-36','Adresim 32',NULL,'Türkiye','İstanbul','Sokak No: 32',NULL,'34000'),
 (33,'user-uuid-42','Adresim 33',NULL,'Türkiye','İstanbul','Sokak No: 33',NULL,'34000'),
 (34,'user-uuid-1','Adresim 34',NULL,'Türkiye','İstanbul','Sokak No: 34',NULL,'34000'),
 (35,'user-uuid-13','Adresim 35',NULL,'Türkiye','İstanbul','Sokak No: 35',NULL,'34000'),
 (36,'user-uuid-20','Adresim 36',NULL,'Türkiye','İstanbul','Sokak No: 36',NULL,'34000'),
 (37,'user-uuid-36','Adresim 37',NULL,'Türkiye','İstanbul','Sokak No: 37',NULL,'34000'),
 (38,'user-uuid-26','Adresim 38',NULL,'Türkiye','İstanbul','Sokak No: 38',NULL,'34000'),
 (39,'user-uuid-11','Adresim 39',NULL,'Türkiye','İstanbul','Sokak No: 39',NULL,'34000'),
 (40,'user-uuid-24','Adresim 40',NULL,'Türkiye','İstanbul','Sokak No: 40',NULL,'34000'),
 (41,'user-uuid-39','Adresim 41',NULL,'Türkiye','İstanbul','Sokak No: 41',NULL,'34000'),
 (42,'user-uuid-29','Adresim 42',NULL,'Türkiye','İstanbul','Sokak No: 42',NULL,'34000'),
 (43,'user-uuid-42','Adresim 43',NULL,'Türkiye','İstanbul','Sokak No: 43',NULL,'34000'),
 (44,'user-uuid-41','Adresim 44',NULL,'Türkiye','İstanbul','Sokak No: 44',NULL,'34000'),
 (45,'user-uuid-41','Adresim 45',NULL,'Türkiye','İstanbul','Sokak No: 45',NULL,'34000'),
 (46,'user-uuid-34','Adresim 46',NULL,'Türkiye','İstanbul','Sokak No: 46',NULL,'34000'),
 (47,'user-uuid-38','Adresim 47',NULL,'Türkiye','İstanbul','Sokak No: 47',NULL,'34000'),
 (48,'user-uuid-40','Adresim 48',NULL,'Türkiye','İstanbul','Sokak No: 48',NULL,'34000'),
 (49,'user-uuid-32','Adresim 49',NULL,'Türkiye','İstanbul','Sokak No: 49',NULL,'34000'),
 (50,'user-uuid-2','Adresim 50',NULL,'Türkiye','İstanbul','Sokak No: 50',NULL,'34000'),
 (51,'fb9d5c03-2401-439b-b13c-731577faf088','Varsayılan Adres',NULL,'Türkiye','ali himeyda','TURKİYE İSTANBUL ÜMRANİYE HUZUR MAHALLESİ RÜZGARGÜLÜ SOKAK NO5 DAİRE1','fdgf','34760');
INSERT INTO "AspNetRoles" ("Id","Name","NormalizedName","ConcurrencyStamp") VALUES ('d4c826ee-00c6-4064-9da2-f0b9d7b223aa','Admin','ADMIN',NULL),
 ('c23fea92-96aa-42ef-b65f-5b414a41602e','Seller','SELLER',NULL),
 ('53956b00-ded9-465c-afc2-bea25e498f12','User','USER',NULL);
INSERT INTO "AspNetUserRoles" ("UserId","RoleId") VALUES ('4c1e0007-5be1-457a-9ff5-cb509d64b0fc','d4c826ee-00c6-4064-9da2-f0b9d7b223aa'),
 ('a4848af1-8053-49d1-8d0a-ea00b2d6c8c8','c23fea92-96aa-42ef-b65f-5b414a41602e'),
 ('1dcf5f4a-1105-4dce-836a-9b0d2998b3d9','53956b00-ded9-465c-afc2-bea25e498f12'),
 ('f284a074-bc28-4b37-968d-c166af3b1255','c23fea92-96aa-42ef-b65f-5b414a41602e');
INSERT INTO "AspNetUsers" ("Id","AccessFailedCount","Address","ConcurrencyStamp","CreatedAt","Email","EmailConfirmed","FirstName","LastName","LockoutEnabled","LockoutEnd","NormalizedEmail","NormalizedUserName","PasswordHash","PhoneNumber","PhoneNumberConfirmed","ProfileImageUrl","SecurityStamp","TwoFactorEnabled","UserName") VALUES ('3c94a3b7-cade-42cf-b078-77b6347f5b37',0,'','90278ba4-141c-4559-9d30-f49f33eccce1','2025-12-18 12:23:01.3109488','demo@sakarya.edu.tr',1,'Demo','User',1,NULL,'DEMO@SAKARYA.EDU.TR','DEMO@SAKARYA.EDU.TR','AQAAAAIAAYagAAAAEEqBpguE9ljOYWPGTyXyppVZsD66ItCdsLYbdn8SSmiam2gQSsVoDL/3Ku2pT/gDxA==',NULL,0,NULL,'NAREUGPTZVPWTGD54NXPCMKUXKHRLSFN',0,'demo@sakarya.edu.tr'),
 ('fb9d5c03-2401-439b-b13c-731577faf088',0,'','38f72219-3db9-42f0-b7a6-db12bcae1375','2025-12-18 12:25:03.8488523','satici@test.com',1,'Test','Satıcı',1,NULL,'SATICI@TEST.COM','SATICI@TEST.COM','AQAAAAIAAYagAAAAEDjsD1FjzWSJ78AYShhFF3owts0urdj4O0iiSAPGjAM12gflwk4DZ5iWpCw4jRfPMw==',NULL,0,NULL,'ASXPIRK64SQUCW6TFWJTFQN43TRRTNNI',0,'satici@test.com'),
 ('4d9d39df-900f-44a0-a657-54340c9ac9dd',0,'','a866d86f-682a-4fb7-b1d0-24d7c053af22','2025-12-18 12:25:04.1122336','alici@test.com',1,'Test','Alıcı',1,NULL,'ALICI@TEST.COM','ALICI@TEST.COM','AQAAAAIAAYagAAAAEINOO5gYlyR8OKENq65ZzvQ4OfOETUFr5FSGV9odAcKDyrH7gpD1XNbQ0761U5jcpw==',NULL,0,NULL,'NFCHTGV3TQWJ5Z3JBIRLVQHS7RDQBFU4',0,'alici@test.com'),
 ('user-uuid-1',0,'Rastgele Adres 1',NULL,'2025-12-19 13:03:43','user1@test.com',1,'Ad1','Soyad1',1,NULL,NULL,NULL,NULL,NULL,1,NULL,NULL,0,'user1'),
 ('user-uuid-2',0,'Rastgele Adres 2',NULL,'2025-12-19 13:03:43','user2@test.com',1,'Ad2','Soyad2',1,NULL,NULL,NULL,NULL,NULL,1,NULL,NULL,0,'user2'),
 ('user-uuid-3',0,'Rastgele Adres 3',NULL,'2025-12-19 13:03:43','user3@test.com',1,'Ad3','Soyad3',1,NULL,NULL,NULL,NULL,NULL,1,NULL,NULL,0,'user3'),
 ('user-uuid-5',0,'Rastgele Adres 5',NULL,'2025-12-19 13:03:43','user5@test.com',1,'Ad5','Soyad5',1,NULL,NULL,NULL,NULL,NULL,1,NULL,NULL,0,'user5'),
 ('user-uuid-6',0,'Rastgele Adres 6',NULL,'2025-12-19 13:03:43','user6@test.com',1,'Ad6','Soyad6',1,NULL,NULL,NULL,NULL,NULL,1,NULL,NULL,0,'user6'),
 ('user-uuid-7',0,'Rastgele Adres 7',NULL,'2025-12-19 13:03:43','user7@test.com',1,'Ad7','Soyad7',1,NULL,NULL,NULL,NULL,NULL,1,NULL,NULL,0,'user7'),
 ('user-uuid-8',0,'Rastgele Adres 8',NULL,'2025-12-19 13:03:43','user8@test.com',1,'Ad8','Soyad8',1,NULL,NULL,NULL,NULL,NULL,1,NULL,NULL,0,'user8'),
 ('user-uuid-9',0,'Rastgele Adres 9',NULL,'2025-12-19 13:03:43','user9@test.com',1,'Ad9','Soyad9',1,NULL,NULL,NULL,NULL,NULL,1,NULL,NULL,0,'user9'),
 ('user-uuid-10',0,'Rastgele Adres 10',NULL,'2025-12-19 13:03:43','user10@test.com',1,'Ad10','Soyad10',1,NULL,NULL,NULL,NULL,NULL,1,NULL,NULL,0,'user10'),
 ('user-uuid-11',0,'Rastgele Adres 11',NULL,'2025-12-19 13:03:43','user11@test.com',1,'Ad11','Soyad11',1,NULL,NULL,NULL,NULL,NULL,1,NULL,NULL,0,'user11'),
 ('user-uuid-12',0,'Rastgele Adres 12',NULL,'2025-12-19 13:03:43','user12@test.com',1,'Ad12','Soyad12',1,NULL,NULL,NULL,NULL,NULL,1,NULL,NULL,0,'user12'),
 ('user-uuid-13',0,'Rastgele Adres 13',NULL,'2025-12-19 13:03:43','user13@test.com',1,'Ad13','Soyad13',1,NULL,NULL,NULL,NULL,NULL,1,NULL,NULL,0,'user13'),
 ('user-uuid-14',0,'Rastgele Adres 14',NULL,'2025-12-19 13:03:43','user14@test.com',1,'Ad14','Soyad14',1,NULL,NULL,NULL,NULL,NULL,1,NULL,NULL,0,'user14'),
 ('user-uuid-17',0,'Rastgele Adres 17',NULL,'2025-12-19 13:03:43','user17@test.com',1,'Ad17','Soyad17',1,NULL,NULL,NULL,NULL,NULL,1,NULL,NULL,0,'user17'),
 ('user-uuid-18',0,'Rastgele Adres 18',NULL,'2025-12-19 13:03:43','user18@test.com',1,'Ad18','Soyad18',1,NULL,NULL,NULL,NULL,NULL,1,NULL,NULL,0,'user18'),
 ('user-uuid-19',0,'Rastgele Adres 19',NULL,'2025-12-19 13:03:43','user19@test.com',1,'Ad19','Soyad19',1,NULL,NULL,NULL,NULL,NULL,1,NULL,NULL,0,'user19'),
 ('user-uuid-20',0,'Rastgele Adres 20',NULL,'2025-12-19 13:03:43','user20@test.com',1,'Ad20','Soyad20',1,NULL,NULL,NULL,NULL,NULL,1,NULL,NULL,0,'user20'),
 ('user-uuid-21',0,'Rastgele Adres 21',NULL,'2025-12-19 13:03:43','user21@test.com',1,'Ad21','Soyad21',1,NULL,NULL,NULL,NULL,NULL,1,NULL,NULL,0,'user21'),
 ('user-uuid-22',0,'Rastgele Adres 22',NULL,'2025-12-19 13:03:43','user22@test.com',1,'Ad22','Soyad22',1,NULL,NULL,NULL,NULL,NULL,1,NULL,NULL,0,'user22'),
 ('user-uuid-23',0,'Rastgele Adres 23',NULL,'2025-12-19 13:03:43','user23@test.com',1,'Ad23','Soyad23',1,NULL,NULL,NULL,NULL,NULL,1,NULL,NULL,0,'user23'),
 ('user-uuid-24',0,'Rastgele Adres 24',NULL,'2025-12-19 13:03:43','user24@test.com',1,'Ad24','Soyad24',1,NULL,NULL,NULL,NULL,NULL,1,NULL,NULL,0,'user24'),
 ('user-uuid-25',0,'Rastgele Adres 25',NULL,'2025-12-19 13:03:43','user25@test.com',1,'Ad25','Soyad25',1,NULL,NULL,NULL,NULL,NULL,1,NULL,NULL,0,'user25'),
 ('user-uuid-26',0,'Rastgele Adres 26',NULL,'2025-12-19 13:03:43','user26@test.com',1,'Ad26','Soyad26',1,NULL,NULL,NULL,NULL,NULL,1,NULL,NULL,0,'user26'),
 ('user-uuid-27',0,'Rastgele Adres 27',NULL,'2025-12-19 13:03:43','user27@test.com',1,'Ad27','Soyad27',1,NULL,NULL,NULL,NULL,NULL,1,NULL,NULL,0,'user27'),
 ('user-uuid-28',0,'Rastgele Adres 28',NULL,'2025-12-19 13:03:43','user28@test.com',1,'Ad28','Soyad28',1,NULL,NULL,NULL,NULL,NULL,1,NULL,NULL,0,'user28'),
 ('user-uuid-29',0,'Rastgele Adres 29',NULL,'2025-12-19 13:03:43','user29@test.com',1,'Ad29','Soyad29',1,NULL,NULL,NULL,NULL,NULL,1,NULL,NULL,0,'user29'),
 ('user-uuid-30',0,'Rastgele Adres 30',NULL,'2025-12-19 13:03:43','user30@test.com',1,'Ad30','Soyad30',1,NULL,NULL,NULL,NULL,NULL,1,NULL,NULL,0,'user30'),
 ('user-uuid-31',0,'Rastgele Adres 31',NULL,'2025-12-19 13:03:43','user31@test.com',1,'Ad31','Soyad31',1,NULL,NULL,NULL,NULL,NULL,1,NULL,NULL,0,'user31'),
 ('user-uuid-32',0,'Rastgele Adres 32',NULL,'2025-12-19 13:03:43','user32@test.com',1,'Ad32','Soyad32',1,NULL,NULL,NULL,NULL,NULL,1,NULL,NULL,0,'user32'),
 ('user-uuid-33',0,'Rastgele Adres 33',NULL,'2025-12-19 13:03:43','user33@test.com',1,'Ad33','Soyad33',1,NULL,NULL,NULL,NULL,NULL,1,NULL,NULL,0,'user33'),
 ('user-uuid-34',0,'Rastgele Adres 34',NULL,'2025-12-19 13:03:43','user34@test.com',1,'Ad34','Soyad34',1,NULL,NULL,NULL,NULL,NULL,1,NULL,NULL,0,'user34'),
 ('user-uuid-35',0,'Rastgele Adres 35',NULL,'2025-12-19 13:03:43','user35@test.com',1,'Ad35','Soyad35',1,NULL,NULL,NULL,NULL,NULL,1,NULL,NULL,0,'user35'),
 ('user-uuid-36',0,'Rastgele Adres 36',NULL,'2025-12-19 13:03:43','user36@test.com',1,'Ad36','Soyad36',1,NULL,NULL,NULL,NULL,NULL,1,NULL,NULL,0,'user36'),
 ('user-uuid-37',0,'Rastgele Adres 37',NULL,'2025-12-19 13:03:43','user37@test.com',1,'Ad37','Soyad37',1,NULL,NULL,NULL,NULL,NULL,1,NULL,NULL,0,'user37'),
 ('user-uuid-38',0,'Rastgele Adres 38',NULL,'2025-12-19 13:03:43','user38@test.com',1,'Ad38','Soyad38',1,NULL,NULL,NULL,NULL,NULL,1,NULL,NULL,0,'user38'),
 ('user-uuid-39',0,'Rastgele Adres 39',NULL,'2025-12-19 13:03:43','user39@test.com',1,'Ad39','Soyad39',1,NULL,NULL,NULL,NULL,NULL,1,NULL,NULL,0,'user39'),
 ('user-uuid-40',0,'Rastgele Adres 40',NULL,'2025-12-19 13:03:43','user40@test.com',1,'Ad40','Soyad40',1,NULL,NULL,NULL,NULL,NULL,1,NULL,NULL,0,'user40'),
 ('user-uuid-41',0,'Rastgele Adres 41',NULL,'2025-12-19 13:03:43','user41@test.com',1,'Ad41','Soyad41',1,NULL,NULL,NULL,NULL,NULL,1,NULL,NULL,0,'user41'),
 ('user-uuid-42',0,'Rastgele Adres 42',NULL,'2025-12-19 13:03:43','user42@test.com',1,'Ad42','Soyad42',1,NULL,NULL,NULL,NULL,NULL,1,NULL,NULL,0,'user42'),
 ('user-uuid-43',0,'Rastgele Adres 43',NULL,'2025-12-19 13:03:43','user43@test.com',1,'Ad43','Soyad43',1,NULL,NULL,NULL,NULL,NULL,1,NULL,NULL,0,'user43'),
 ('user-uuid-44',0,'Rastgele Adres 44',NULL,'2025-12-19 13:03:43','user44@test.com',1,'Ad44','Soyad44',1,NULL,NULL,NULL,NULL,NULL,1,NULL,NULL,0,'user44'),
 ('user-uuid-45',0,'Rastgele Adres 45',NULL,'2025-12-19 13:03:43','user45@test.com',1,'Ad45','Soyad45',1,NULL,NULL,NULL,NULL,NULL,1,NULL,NULL,0,'user45'),
 ('user-uuid-46',0,'Rastgele Adres 46',NULL,'2025-12-19 13:03:43','user46@test.com',1,'Ad46','Soyad46',1,NULL,NULL,NULL,NULL,NULL,1,NULL,NULL,0,'user46'),
 ('user-uuid-47',0,'Rastgele Adres 47',NULL,'2025-12-19 13:03:43','user47@test.com',1,'Ad47','Soyad47',1,NULL,NULL,NULL,NULL,NULL,1,NULL,NULL,0,'user47'),
 ('user-uuid-48',0,'Rastgele Adres 48',NULL,'2025-12-19 13:03:43','user48@test.com',1,'Ad48','Soyad48',1,NULL,NULL,NULL,NULL,NULL,1,NULL,NULL,0,'user48'),
 ('user-uuid-49',0,'Rastgele Adres 49',NULL,'2025-12-19 13:03:43','user49@test.com',1,'Ad49','Soyad49',1,NULL,NULL,NULL,NULL,NULL,1,NULL,NULL,0,'user49'),
 ('user-uuid-50',0,'Rastgele Adres 50',NULL,'2025-12-19 13:03:43','user50@test.com',1,'Ad50','Soyad50',1,NULL,NULL,NULL,NULL,NULL,1,NULL,NULL,0,'user50'),
 ('2092ce23-4ea1-48ea-a358-9c8271f4e8c3',0,NULL,'dac4a971-2eec-496d-a7ba-a239995960c7','2025-12-21 13:09:03.8309579','alihameda417@gmail.com',1,'Ali Himeyda','',1,NULL,'ALIHAMEDA417@GMAIL.COM','ALIHAMEDA417@GMAIL.COM','AQAAAAIAAYagAAAAELlaQXU2wDR2eg4jdy5zIRv8NQQzhv5NtHP8sGoP855LCs0VT7yxenfTJPzR6WtSeA==',NULL,0,NULL,'R3BWJA7NIJ5PR2CGL5PXWPAE4XBHXA53',0,'alihameda417@gmail.com'),
 ('4c1e0007-5be1-457a-9ff5-cb509d64b0fc',0,NULL,'986fa41a-5540-4d4e-8dcf-2392b0bf2803','2025-12-21 15:49:13.7742928','admin@bendensana.com',1,'Sistem','Yöneticisi',1,NULL,'ADMIN@BENDENSANA.COM','ADMIN@BENDENSANA.COM','AQAAAAIAAYagAAAAEPRiLvVr862zOtLSnKKRkBwlVN5qa+B+ZQxrCWMu+cvptmiwuxLoQ2kGJgHDpOxcEw==',NULL,0,NULL,'MH72IFREY23NQ5PKX5SK46CQTUXCZUVL',0,'admin@bendensana.com'),
 ('a4848af1-8053-49d1-8d0a-ea00b2d6c8c8',0,NULL,'6b45742b-2379-44ad-9912-b04fdefc1f17','2025-12-21 15:49:13.9218377','seller@bendensana.com',1,'Test','Satıcı',1,NULL,'SELLER@BENDENSANA.COM','SELLER@BENDENSANA.COM','AQAAAAIAAYagAAAAEO6BEPKVA768vLgska1ABCWLWyew7xCKCNKWyR7SCRHQlbQBJF9bZe1bi3/qx5wmEA==',NULL,0,NULL,'KQOHMI3QOU75ENLRTCAJAPYQKBOBNKBV',0,'seller@bendensana.com'),
 ('1dcf5f4a-1105-4dce-836a-9b0d2998b3d9',0,NULL,'3523d8da-8f7e-41d1-b85c-db5981876732','2025-12-21 15:49:13.9789164','user@bendensana.com',1,'Test','Kullanıcı',1,NULL,'USER@BENDENSANA.COM','USER@BENDENSANA.COM','AQAAAAIAAYagAAAAEMYWvBVa1twVrHvxg/KO9/tGCSVJLqMaVrFDxAkqZPh5yxBd4SdUbjMVey3/XuLLcQ==',NULL,0,NULL,'D4G3CJAA2PET7YYKVTXXMKIEJJX3PDAK',0,'user@bendensana.com'),
 ('3a016393-3dc1-4e42-95e1-4269da4f48ea',0,NULL,'c3615ce7-4c86-4b9c-aed4-43ab5426a9ce','2025-12-21 15:50:32.9795253','alihamed@gmail.com',1,'Ali Himeyda','',1,NULL,'ALIHAMED@GMAIL.COM','ALIHAMED@GMAIL.COM','AQAAAAIAAYagAAAAEB4E9weiSfXcBHYYHX4cgfJ1uFGJWrvvZpYk+AeaK5DbWkxh/BTKd+sBsE5EZp8k7g==',NULL,0,NULL,'FMBR46RHFGVVX4XLDGBJSTKTRIZZMDQL',0,'alihamed@gmail.com'),
 ('f284a074-bc28-4b37-968d-c166af3b1255',0,NULL,'fcc6a5a9-89d5-43b6-88db-e3c339c2775f','2025-12-21 16:51:55.1443221','ccdskcdk@sdf.com',1,'Ali Himeyda','',1,NULL,'CCDSKCDK@SDF.COM','CCDSKCDK@SDF.COM','AQAAAAIAAYagAAAAEG60EYLJZwSCzTPv2kqlnfX3pphm3noLUE7Nv41hOl/dnHskGhsCMv8/ou3glInr4Q==',NULL,0,NULL,'J77GXBVWQFCXB2J4VGOQKAEZJ7KBZS4V',0,'ccdskcdk@sdf.com');
INSERT INTO "Cart_Items" ("Id","CartId","ProductId","Quantity") VALUES (1,7,9,2),
 (2,7,9,4),
 (3,7,9,1),
 (4,7,9,3),
 (5,7,9,5),
 (6,7,9,1),
 (7,7,9,1),
 (8,7,9,2),
 (9,7,9,1),
 (10,7,9,5),
 (11,7,9,5),
 (12,7,9,2),
 (13,7,9,5),
 (14,7,9,3),
 (15,7,9,4),
 (16,7,9,1),
 (17,7,9,1),
 (18,7,9,1),
 (19,7,9,5),
 (20,7,9,5),
 (21,7,9,5),
 (22,7,9,1),
 (23,7,9,3),
 (24,7,9,3),
 (25,7,9,2),
 (26,7,9,2),
 (27,7,9,5),
 (28,7,9,3),
 (29,7,9,3),
 (30,7,9,1),
 (31,7,9,1),
 (32,7,9,3),
 (33,7,9,3),
 (34,7,9,5),
 (35,7,9,3),
 (36,7,9,4),
 (37,7,9,4),
 (38,7,9,4),
 (39,7,9,1),
 (40,7,9,2),
 (41,7,9,5),
 (42,7,9,5),
 (43,7,9,4),
 (44,7,9,1),
 (45,7,9,3),
 (46,7,9,4),
 (47,7,9,1),
 (48,7,9,1),
 (49,7,9,5),
 (50,7,9,5);
INSERT INTO "Carts" ("Id","UserId","CreatedAt") VALUES (1,'4d9d39df-900f-44a0-a657-54340c9ac9dd','2025-12-19 13:11:33'),
 (2,'4d9d39df-900f-44a0-a657-54340c9ac9dd','2025-12-19 13:11:33'),
 (3,'4d9d39df-900f-44a0-a657-54340c9ac9dd','2025-12-19 13:11:33'),
 (4,'4d9d39df-900f-44a0-a657-54340c9ac9dd','2025-12-19 13:11:33'),
 (5,'4d9d39df-900f-44a0-a657-54340c9ac9dd','2025-12-19 13:11:33'),
 (6,'4d9d39df-900f-44a0-a657-54340c9ac9dd','2025-12-19 13:11:33'),
 (7,'4d9d39df-900f-44a0-a657-54340c9ac9dd','2025-12-19 13:11:33'),
 (8,'4d9d39df-900f-44a0-a657-54340c9ac9dd','2025-12-19 13:11:33'),
 (9,'4d9d39df-900f-44a0-a657-54340c9ac9dd','2025-12-19 13:11:33'),
 (10,'4d9d39df-900f-44a0-a657-54340c9ac9dd','2025-12-19 13:11:33'),
 (11,'4d9d39df-900f-44a0-a657-54340c9ac9dd','2025-12-19 13:11:33'),
 (12,'4d9d39df-900f-44a0-a657-54340c9ac9dd','2025-12-19 13:11:33'),
 (13,'4d9d39df-900f-44a0-a657-54340c9ac9dd','2025-12-19 13:11:33'),
 (14,'4d9d39df-900f-44a0-a657-54340c9ac9dd','2025-12-19 13:11:33'),
 (15,'4d9d39df-900f-44a0-a657-54340c9ac9dd','2025-12-19 13:11:33'),
 (16,'4d9d39df-900f-44a0-a657-54340c9ac9dd','2025-12-19 13:11:33'),
 (17,'4d9d39df-900f-44a0-a657-54340c9ac9dd','2025-12-19 13:11:33'),
 (18,'4d9d39df-900f-44a0-a657-54340c9ac9dd','2025-12-19 13:11:33'),
 (19,'4d9d39df-900f-44a0-a657-54340c9ac9dd','2025-12-19 13:11:33'),
 (20,'4d9d39df-900f-44a0-a657-54340c9ac9dd','2025-12-19 13:11:33'),
 (21,'4d9d39df-900f-44a0-a657-54340c9ac9dd','2025-12-19 13:11:33'),
 (22,'4d9d39df-900f-44a0-a657-54340c9ac9dd','2025-12-19 13:11:33'),
 (23,'4d9d39df-900f-44a0-a657-54340c9ac9dd','2025-12-19 13:11:33'),
 (24,'4d9d39df-900f-44a0-a657-54340c9ac9dd','2025-12-19 13:11:33'),
 (25,'4d9d39df-900f-44a0-a657-54340c9ac9dd','2025-12-19 13:11:33'),
 (26,'4d9d39df-900f-44a0-a657-54340c9ac9dd','2025-12-19 13:11:33'),
 (27,'4d9d39df-900f-44a0-a657-54340c9ac9dd','2025-12-19 13:11:33'),
 (28,'4d9d39df-900f-44a0-a657-54340c9ac9dd','2025-12-19 13:11:33'),
 (29,'4d9d39df-900f-44a0-a657-54340c9ac9dd','2025-12-19 13:11:33'),
 (30,'4d9d39df-900f-44a0-a657-54340c9ac9dd','2025-12-19 13:11:33'),
 (31,'4d9d39df-900f-44a0-a657-54340c9ac9dd','2025-12-19 13:11:33'),
 (32,'4d9d39df-900f-44a0-a657-54340c9ac9dd','2025-12-19 13:11:33'),
 (33,'4d9d39df-900f-44a0-a657-54340c9ac9dd','2025-12-19 13:11:33'),
 (34,'4d9d39df-900f-44a0-a657-54340c9ac9dd','2025-12-19 13:11:33'),
 (35,'4d9d39df-900f-44a0-a657-54340c9ac9dd','2025-12-19 13:11:33'),
 (36,'4d9d39df-900f-44a0-a657-54340c9ac9dd','2025-12-19 13:11:33'),
 (37,'4d9d39df-900f-44a0-a657-54340c9ac9dd','2025-12-19 13:11:33'),
 (38,'4d9d39df-900f-44a0-a657-54340c9ac9dd','2025-12-19 13:11:33'),
 (39,'4d9d39df-900f-44a0-a657-54340c9ac9dd','2025-12-19 13:11:33'),
 (40,'4d9d39df-900f-44a0-a657-54340c9ac9dd','2025-12-19 13:11:33'),
 (41,'4d9d39df-900f-44a0-a657-54340c9ac9dd','2025-12-19 13:11:33'),
 (42,'4d9d39df-900f-44a0-a657-54340c9ac9dd','2025-12-19 13:11:33'),
 (43,'4d9d39df-900f-44a0-a657-54340c9ac9dd','2025-12-19 13:11:33'),
 (44,'4d9d39df-900f-44a0-a657-54340c9ac9dd','2025-12-19 13:11:33'),
 (45,'4d9d39df-900f-44a0-a657-54340c9ac9dd','2025-12-19 13:11:33'),
 (46,'4d9d39df-900f-44a0-a657-54340c9ac9dd','2025-12-19 13:11:33'),
 (47,'4d9d39df-900f-44a0-a657-54340c9ac9dd','2025-12-19 13:11:33'),
 (48,'4d9d39df-900f-44a0-a657-54340c9ac9dd','2025-12-19 13:11:33'),
 (49,'4d9d39df-900f-44a0-a657-54340c9ac9dd','2025-12-19 13:11:33'),
 (50,'4d9d39df-900f-44a0-a657-54340c9ac9dd','2025-12-19 13:11:33'),
 (51,'fb9d5c03-2401-439b-b13c-731577faf088','2025-12-21 07:15:46.7829404');
INSERT INTO "Categories" ("Id","Name","ParentId","ImageUrl") VALUES (1,'Elektroni',NULL,'/category_images/4c6b676b-1d01-4798-b537-fc77dbc40bb8_Gemini_Generated_Image_j0e3zhj0e3zhj0e3.png'),
 (2,'Moda & Giyim',NULL,'/images/cats/moda.jpg'),
 (3,'Ev & Yaşam',NULL,'/images/cats/ev.jpg'),
 (4,'Spor & Outdoor',NULL,'/images/cats/spor.jpg'),
 (5,'Hobi & Oyun',NULL,'/images/cats/oyun.jpg'),
 (6,'Kategori 1',1,'img_1.jpg'),
 (7,'Kategori 2',2,'img_2.jpg'),
 (8,'Kategori 3',3,'img_3.jpg'),
 (9,'Kategori 4',NULL,'img_4.jpg'),
 (10,'Kategori 5',NULL,'img_5.jpg'),
 (11,'Kategori 6',NULL,'img_6.jpg'),
 (12,'Kategori 7',NULL,'img_7.jpg'),
 (13,'Kategori 8',NULL,'img_8.jpg'),
 (14,'Kategori 9',NULL,'img_9.jpg'),
 (16,'Kategori 11',NULL,'img_11.jpg'),
 (17,'Kategori 12',NULL,'img_12.jpg'),
 (18,'Kategori 13',NULL,'img_13.jpg'),
 (19,'Kategori 14',NULL,'img_14.jpg'),
 (20,'Kategori 15',NULL,'img_15.jpg'),
 (21,'Kategori 16',NULL,'img_16.jpg'),
 (22,'Kategori 17',NULL,'img_17.jpg'),
 (23,'Kategori 18',NULL,'img_18.jpg'),
 (24,'Kategori 19',NULL,'img_19.jpg'),
 (25,'Kategori 20',NULL,'img_20.jpg'),
 (26,'Kategori 21',NULL,'img_21.jpg'),
 (27,'Kategori 22',NULL,'img_22.jpg'),
 (28,'Kategori 23',NULL,'img_23.jpg'),
 (29,'Kategori 24',NULL,'img_24.jpg'),
 (30,'Kategori 25',NULL,'img_25.jpg'),
 (31,'Kategori 26',NULL,'img_26.jpg'),
 (32,'Kategori 27',NULL,'img_27.jpg'),
 (33,'Kategori 28',NULL,'img_28.jpg'),
 (34,'Kategori 29',NULL,'img_29.jpg'),
 (35,'Kategori 30',NULL,'img_30.jpg'),
 (36,'Kategori 31',NULL,'img_31.jpg'),
 (37,'Kategori 32',NULL,'img_32.jpg'),
 (38,'Kategori 33',NULL,'img_33.jpg'),
 (39,'Kategori 34',NULL,'img_34.jpg'),
 (40,'Kategori 35',NULL,'img_35.jpg'),
 (41,'Kategori 36',NULL,'img_36.jpg'),
 (42,'Kategori 37',NULL,'img_37.jpg'),
 (43,'Kategori 38',NULL,'img_38.jpg'),
 (44,'Kategori 39',NULL,'img_39.jpg'),
 (45,'Kategori 40',NULL,'img_40.jpg'),
 (46,'Kategori 41',NULL,'img_41.jpg'),
 (47,'Kategori 42',NULL,'img_42.jpg'),
 (48,'Kategori 43',NULL,'img_43.jpg'),
 (49,'Kategori 44',NULL,'img_44.jpg'),
 (50,'Kategori 45',NULL,'img_45.jpg'),
 (51,'Kategori 46',NULL,'img_46.jpg'),
 (52,'Kategori 47',NULL,'img_47.jpg'),
 (53,'Kategori 48',NULL,'img_48.jpg'),
 (54,'Kategori 49',NULL,'img_49.jpg'),
 (55,'Kategori 50',NULL,'img_50.jpg'),
 (56,'Ali Himeyda',NULL,'/category_images/d010130f-16a6-4e31-a07c-8acbd91fd594_Gemini_Generated_Image_br7pkibr7pkibr7p.png'),
 (57,'dsfdsfdsf',NULL,'/category_images/277093b9-f4c2-409f-8df4-2f62d975a40f_Gemini_Generated_Image_pyig7dpyig7dpyig.png');
INSERT INTO "Colors" ("Id","Name","HexCode") VALUES (1,'Siyah','#000000'),
 (2,'Beyaz','#FFFFFF'),
 (3,'Kırmızı','#FF0000'),
 (4,'Mavi','#0000FF'),
 (5,'Renk 1','#C80000'),
 (6,'Renk 2','#5B0000'),
 (7,'Renk 3','#600000'),
 (8,'Renk 4','#380000'),
 (9,'Renk 5','#1A0000'),
 (10,'Renk 6','#0C0000'),
 (11,'Renk 7','#5A0000'),
 (12,'Renk 8','#790000'),
 (13,'Renk 9','#5E0000'),
 (14,'Renk 10','#2E0000'),
 (15,'Renk 11','#F30000'),
 (16,'Renk 12','#810000'),
 (17,'Renk 13','#650000'),
 (18,'Renk 14','#B10000'),
 (19,'Renk 15','#A10000'),
 (20,'Renk 16','#790000'),
 (21,'Renk 17','#420000'),
 (22,'Renk 18','#A20000'),
 (23,'Renk 19','#800000'),
 (24,'Renk 20','#1D0000'),
 (25,'Renk 21','#1B0000'),
 (26,'Renk 22','#660000'),
 (27,'Renk 23','#B60000'),
 (28,'Renk 24','#F60000'),
 (29,'Renk 25','#6F0000'),
 (30,'Renk 26','#6C0000'),
 (31,'Renk 27','#D70000'),
 (32,'Renk 28','#140000'),
 (33,'Renk 29','#120000'),
 (34,'Renk 30','#FD0000'),
 (35,'Renk 31','#A20000'),
 (36,'Renk 32','#E40000'),
 (37,'Renk 33','#D50000'),
 (38,'Renk 34','#7F0000'),
 (39,'Renk 35','#9A0000'),
 (40,'Renk 36','#220000'),
 (41,'Renk 37','#010000'),
 (42,'Renk 38','#1D0000'),
 (43,'Renk 39','#260000'),
 (44,'Renk 40','#100000'),
 (45,'Renk 41','#A30000'),
 (46,'Renk 42','#070000'),
 (47,'Renk 43','#860000'),
 (48,'Renk 44','#B90000'),
 (49,'Renk 45','#4D0000'),
 (50,'Renk 46','#4D0000'),
 (51,'Renk 47','#040000'),
 (52,'Renk 48','#630000'),
 (53,'Renk 49','#320000'),
 (54,'Renk 50','#E20000');
INSERT INTO "Conversations" ("Id","BuyerId","SellerId","ProductId","CreatedAt","LastMessageDate") VALUES (51,'4d9d39df-900f-44a0-a657-54340c9ac9dd','user-uuid-39',27,'2025-12-19 13:16:02.5741704','2025-12-19 13:16:02.5742236');
INSERT INTO "Coupons" ("Id","Code","DiscountType","DiscountValue","StartDate","EndDate","UsageLimit","Status") VALUES (1,'KOD1','fixed',100,NULL,NULL,10,'active'),
 (2,'KOD2','percentage',10,NULL,NULL,10,'active'),
 (3,'KOD3','fixed',100,NULL,NULL,10,'active'),
 (4,'KOD4','percentage',10,NULL,NULL,10,'active'),
 (5,'KOD5','fixed',100,NULL,NULL,10,'active'),
 (6,'KOD6','percentage',10,NULL,NULL,10,'active'),
 (7,'KOD7','fixed',100,NULL,NULL,10,'active'),
 (8,'KOD8','percentage',10,NULL,NULL,10,'active'),
 (9,'KOD9','fixed',100,NULL,NULL,10,'active'),
 (10,'KOD10','percentage',10,NULL,NULL,10,'active'),
 (11,'KOD11','fixed',100,NULL,NULL,10,'active'),
 (12,'KOD12','percentage',10,NULL,NULL,10,'active'),
 (13,'KOD13','fixed',100,NULL,NULL,10,'active'),
 (14,'KOD14','percentage',10,NULL,NULL,10,'active'),
 (15,'KOD15','fixed',100,NULL,NULL,10,'active'),
 (16,'KOD16','percentage',10,NULL,NULL,10,'active'),
 (17,'KOD17','fixed',100,NULL,NULL,10,'active'),
 (18,'KOD18','percentage',10,NULL,NULL,10,'active'),
 (19,'KOD19','fixed',100,NULL,NULL,10,'active'),
 (20,'KOD20','percentage',10,NULL,NULL,10,'active'),
 (21,'KOD21','fixed',100,NULL,NULL,10,'active'),
 (22,'KOD22','percentage',10,NULL,NULL,10,'active'),
 (23,'KOD23','fixed',100,NULL,NULL,10,'active'),
 (24,'KOD24','percentage',10,NULL,NULL,10,'active'),
 (25,'KOD25','fixed',100,NULL,NULL,10,'active'),
 (26,'KOD26','percentage',10,NULL,NULL,10,'active'),
 (27,'KOD27','fixed',100,NULL,NULL,10,'active'),
 (28,'KOD28','percentage',10,NULL,NULL,10,'active'),
 (29,'KOD29','fixed',100,NULL,NULL,10,'active'),
 (30,'KOD30','percentage',10,NULL,NULL,10,'active'),
 (31,'KOD31','fixed',100,NULL,NULL,10,'active'),
 (32,'KOD32','percentage',10,NULL,NULL,10,'active'),
 (33,'KOD33','fixed',100,NULL,NULL,10,'active'),
 (34,'KOD34','percentage',10,NULL,NULL,10,'active'),
 (35,'KOD35','fixed',100,NULL,NULL,10,'active'),
 (36,'KOD36','percentage',10,NULL,NULL,10,'active'),
 (37,'KOD37','fixed',100,NULL,NULL,10,'active'),
 (38,'KOD38','percentage',10,NULL,NULL,10,'active'),
 (39,'KOD39','fixed',100,NULL,NULL,10,'active'),
 (40,'KOD40','percentage',10,NULL,NULL,10,'active'),
 (41,'KOD41','fixed',100,NULL,NULL,10,'active'),
 (42,'KOD42','percentage',10,NULL,NULL,10,'active'),
 (43,'KOD43','fixed',100,NULL,NULL,10,'active'),
 (44,'KOD44','percentage',10,NULL,NULL,10,'active'),
 (45,'KOD45','fixed',100,NULL,NULL,10,'active'),
 (46,'KOD46','percentage',10,NULL,NULL,10,'active'),
 (47,'KOD47','fixed',100,NULL,NULL,10,'active'),
 (48,'KOD48','percentage',10,NULL,NULL,10,'active'),
 (49,'KOD49','fixed',100,NULL,NULL,10,'active'),
 (50,'KOD50','percentage',10,NULL,NULL,10,'active');
INSERT INTO "Favorites" ("Id","UserId","ProductId","CreatedAt") VALUES (1,'user-uuid-38',40,'2025-12-19 13:12:38'),
 (2,'user-uuid-38',40,'2025-12-19 13:12:38'),
 (3,'user-uuid-38',40,'2025-12-19 13:12:38'),
 (4,'user-uuid-38',40,'2025-12-19 13:12:38'),
 (5,'user-uuid-38',40,'2025-12-19 13:12:38'),
 (6,'user-uuid-38',40,'2025-12-19 13:12:38'),
 (7,'user-uuid-38',40,'2025-12-19 13:12:38'),
 (8,'user-uuid-38',40,'2025-12-19 13:12:38'),
 (9,'user-uuid-38',40,'2025-12-19 13:12:38'),
 (10,'user-uuid-38',40,'2025-12-19 13:12:38'),
 (11,'user-uuid-38',40,'2025-12-19 13:12:38'),
 (12,'user-uuid-38',40,'2025-12-19 13:12:38'),
 (13,'user-uuid-38',40,'2025-12-19 13:12:38'),
 (14,'user-uuid-38',40,'2025-12-19 13:12:38'),
 (15,'user-uuid-38',40,'2025-12-19 13:12:38'),
 (16,'user-uuid-38',40,'2025-12-19 13:12:38'),
 (17,'user-uuid-38',40,'2025-12-19 13:12:38'),
 (18,'user-uuid-38',40,'2025-12-19 13:12:38'),
 (19,'user-uuid-38',40,'2025-12-19 13:12:38'),
 (20,'user-uuid-38',40,'2025-12-19 13:12:38'),
 (21,'user-uuid-38',40,'2025-12-19 13:12:38'),
 (22,'user-uuid-38',40,'2025-12-19 13:12:38'),
 (23,'user-uuid-38',40,'2025-12-19 13:12:38'),
 (24,'user-uuid-38',40,'2025-12-19 13:12:38'),
 (25,'user-uuid-38',40,'2025-12-19 13:12:38'),
 (26,'user-uuid-38',40,'2025-12-19 13:12:38'),
 (27,'user-uuid-38',40,'2025-12-19 13:12:38'),
 (28,'user-uuid-38',40,'2025-12-19 13:12:38'),
 (29,'user-uuid-38',40,'2025-12-19 13:12:38'),
 (30,'user-uuid-38',40,'2025-12-19 13:12:38'),
 (31,'user-uuid-38',40,'2025-12-19 13:12:38'),
 (32,'user-uuid-38',40,'2025-12-19 13:12:38'),
 (33,'user-uuid-38',40,'2025-12-19 13:12:38'),
 (34,'user-uuid-38',40,'2025-12-19 13:12:38'),
 (35,'user-uuid-38',40,'2025-12-19 13:12:38'),
 (36,'user-uuid-38',40,'2025-12-19 13:12:38'),
 (37,'user-uuid-38',40,'2025-12-19 13:12:38'),
 (38,'user-uuid-38',40,'2025-12-19 13:12:38'),
 (39,'user-uuid-38',40,'2025-12-19 13:12:38'),
 (40,'user-uuid-38',40,'2025-12-19 13:12:38'),
 (41,'user-uuid-38',40,'2025-12-19 13:12:38'),
 (42,'user-uuid-38',40,'2025-12-19 13:12:38'),
 (43,'user-uuid-38',40,'2025-12-19 13:12:38'),
 (44,'user-uuid-38',40,'2025-12-19 13:12:38'),
 (45,'user-uuid-38',40,'2025-12-19 13:12:38'),
 (46,'user-uuid-38',40,'2025-12-19 13:12:38'),
 (47,'user-uuid-38',40,'2025-12-19 13:12:38'),
 (48,'user-uuid-38',40,'2025-12-19 13:12:38'),
 (49,'user-uuid-38',40,'2025-12-19 13:12:38'),
 (50,'user-uuid-38',40,'2025-12-19 13:12:38');
INSERT INTO "Order_Items" ("Id","OrderId","ProductId","SellerId","Price","Quantity") VALUES (1,43,1,'a4848af1-8053-49d1-8d0a-ea00b2d6c8c8',250,1),
 (2,43,2,'a4848af1-8053-49d1-8d0a-ea00b2d6c8c8',250,1),
 (3,43,3,'a4848af1-8053-49d1-8d0a-ea00b2d6c8c8',250,1),
 (4,43,41,'user-uuid-32',250,1),
 (5,43,41,'user-uuid-32',250,1),
 (6,43,41,'user-uuid-32',250,1),
 (7,43,41,'user-uuid-32',250,1),
 (8,43,41,'user-uuid-32',250,1),
 (9,43,41,'user-uuid-32',250,1),
 (10,43,41,'user-uuid-32',250,1),
 (11,43,41,'user-uuid-32',250,1),
 (12,43,41,'user-uuid-32',250,1),
 (13,43,41,'user-uuid-32',250,1),
 (14,43,41,'user-uuid-32',250,1),
 (15,43,41,'user-uuid-32',250,1),
 (16,43,41,'user-uuid-32',250,1),
 (17,43,41,'user-uuid-32',250,1),
 (18,43,41,'user-uuid-32',250,1),
 (19,43,41,'user-uuid-32',250,1),
 (20,43,41,'user-uuid-32',250,1),
 (21,43,41,'user-uuid-32',250,1),
 (22,43,41,'user-uuid-32',250,1),
 (23,43,41,'user-uuid-32',250,1),
 (24,43,41,'user-uuid-32',250,1),
 (25,43,41,'user-uuid-32',250,1),
 (26,43,41,'user-uuid-32',250,1),
 (27,43,41,'user-uuid-32',250,1),
 (28,43,41,'user-uuid-32',250,1),
 (29,43,41,'user-uuid-32',250,1),
 (30,43,41,'user-uuid-32',250,1),
 (31,43,41,'user-uuid-32',250,1),
 (32,43,41,'user-uuid-32',250,1),
 (33,43,41,'user-uuid-32',250,1),
 (34,43,41,'user-uuid-32',250,1),
 (35,43,41,'user-uuid-32',250,1),
 (36,43,41,'user-uuid-32',250,1),
 (37,43,41,'user-uuid-32',250,1),
 (38,43,41,'user-uuid-32',250,1),
 (39,43,41,'user-uuid-32',250,1),
 (40,43,41,'user-uuid-32',250,1),
 (41,43,41,'user-uuid-32',250,1),
 (42,43,41,'user-uuid-32',250,1),
 (43,43,41,'user-uuid-32',250,1),
 (44,43,41,'user-uuid-32',250,1),
 (45,43,41,'user-uuid-32',250,1),
 (46,43,41,'user-uuid-32',250,1),
 (47,43,41,'user-uuid-32',250,1),
 (48,43,41,'user-uuid-32',250,1),
 (49,43,41,'user-uuid-32',250,1),
 (50,43,41,'user-uuid-32',250,1);
INSERT INTO "Orders" ("Id","OrderCode","BuyerId","AddressId","CouponId","PaymentMethod","Subtotal","ShippingCost","DiscountAmount","TotalPrice","Status","CreatedAt") VALUES (1,'ORD-266152','user-uuid-18',2,NULL,'credit_card',500,25,0,525,'preparing','2025-12-19 13:12:09'),
 (2,'ORD-592106','user-uuid-18',2,NULL,'credit_card',500,25,0,525,'preparing','2025-12-19 13:12:09'),
 (3,'ORD-531624','user-uuid-18',2,NULL,'credit_card',500,25,0,525,'preparing','2025-12-19 13:12:09'),
 (4,'ORD-955600','user-uuid-18',2,NULL,'credit_card',500,25,0,525,'preparing','2025-12-19 13:12:09'),
 (5,'ORD-69175','user-uuid-18',2,NULL,'credit_card',500,25,0,525,'preparing','2025-12-19 13:12:09'),
 (6,'ORD-748722','user-uuid-18',2,NULL,'credit_card',500,25,0,525,'preparing','2025-12-19 13:12:09'),
 (7,'ORD-630805','user-uuid-18',2,NULL,'credit_card',500,25,0,525,'preparing','2025-12-19 13:12:09'),
 (8,'ORD-906357','user-uuid-18',2,NULL,'credit_card',500,25,0,525,'preparing','2025-12-19 13:12:09'),
 (9,'ORD-45249','user-uuid-18',2,NULL,'credit_card',500,25,0,525,'preparing','2025-12-19 13:12:09'),
 (10,'ORD-626790','user-uuid-18',2,NULL,'credit_card',500,25,0,525,'preparing','2025-12-19 13:12:09'),
 (11,'ORD-9797','user-uuid-18',2,NULL,'credit_card',500,25,0,525,'preparing','2025-12-19 13:12:09'),
 (12,'ORD-418544','user-uuid-18',2,NULL,'credit_card',500,25,0,525,'preparing','2025-12-19 13:12:09'),
 (13,'ORD-629149','user-uuid-18',2,NULL,'credit_card',500,25,0,525,'preparing','2025-12-19 13:12:09'),
 (14,'ORD-969030','user-uuid-18',2,NULL,'credit_card',500,25,0,525,'preparing','2025-12-19 13:12:09'),
 (15,'ORD-366757','user-uuid-18',2,NULL,'credit_card',500,25,0,525,'preparing','2025-12-19 13:12:09'),
 (16,'ORD-367853','user-uuid-18',2,NULL,'credit_card',500,25,0,525,'preparing','2025-12-19 13:12:09'),
 (17,'ORD-737800','user-uuid-18',2,NULL,'credit_card',500,25,0,525,'preparing','2025-12-19 13:12:09'),
 (18,'ORD-953290','user-uuid-18',2,NULL,'credit_card',500,25,0,525,'preparing','2025-12-19 13:12:09'),
 (19,'ORD-819069','user-uuid-18',2,NULL,'credit_card',500,25,0,525,'preparing','2025-12-19 13:12:09'),
 (20,'ORD-862394','user-uuid-18',2,NULL,'credit_card',500,25,0,525,'preparing','2025-12-19 13:12:09'),
 (21,'ORD-52115','user-uuid-18',2,NULL,'credit_card',500,25,0,525,'preparing','2025-12-19 13:12:09'),
 (22,'ORD-420816','user-uuid-18',2,NULL,'credit_card',500,25,0,525,'preparing','2025-12-19 13:12:09'),
 (23,'ORD-289031','user-uuid-18',2,NULL,'credit_card',500,25,0,525,'preparing','2025-12-19 13:12:09'),
 (24,'ORD-73683','user-uuid-18',2,NULL,'credit_card',500,25,0,525,'preparing','2025-12-19 13:12:09'),
 (25,'ORD-883230','user-uuid-18',2,NULL,'credit_card',500,25,0,525,'preparing','2025-12-19 13:12:09'),
 (26,'ORD-165704','user-uuid-18',2,NULL,'credit_card',500,25,0,525,'preparing','2025-12-19 13:12:09'),
 (27,'ORD-858527','user-uuid-18',2,NULL,'credit_card',500,25,0,525,'preparing','2025-12-19 13:12:09'),
 (28,'ORD-30859','user-uuid-18',2,NULL,'credit_card',500,25,0,525,'preparing','2025-12-19 13:12:09'),
 (29,'ORD-75934','user-uuid-18',2,NULL,'credit_card',500,25,0,525,'preparing','2025-12-19 13:12:09'),
 (30,'ORD-294788','user-uuid-18',2,NULL,'credit_card',500,25,0,525,'preparing','2025-12-19 13:12:09'),
 (31,'ORD-995584','user-uuid-18',2,NULL,'credit_card',500,25,0,525,'preparing','2025-12-19 13:12:09'),
 (32,'ORD-845009','user-uuid-18',2,NULL,'credit_card',500,25,0,525,'preparing','2025-12-19 13:12:09'),
 (33,'ORD-111971','user-uuid-18',2,NULL,'credit_card',500,25,0,525,'preparing','2025-12-19 13:12:09'),
 (34,'ORD-839426','user-uuid-18',2,NULL,'credit_card',500,25,0,525,'preparing','2025-12-19 13:12:09'),
 (35,'ORD-499009','user-uuid-18',2,NULL,'credit_card',500,25,0,525,'preparing','2025-12-19 13:12:09'),
 (36,'ORD-629779','user-uuid-18',2,NULL,'credit_card',500,25,0,525,'preparing','2025-12-19 13:12:09'),
 (37,'ORD-640090','user-uuid-18',2,NULL,'credit_card',500,25,0,525,'preparing','2025-12-19 13:12:09'),
 (38,'ORD-394406','user-uuid-18',2,NULL,'credit_card',500,25,0,525,'preparing','2025-12-19 13:12:09'),
 (39,'ORD-483409','user-uuid-18',2,NULL,'credit_card',500,25,0,525,'preparing','2025-12-19 13:12:09'),
 (40,'ORD-652623','user-uuid-18',2,NULL,'credit_card',500,25,0,525,'preparing','2025-12-19 13:12:09'),
 (41,'ORD-254367','user-uuid-18',2,NULL,'credit_card',500,25,0,525,'preparing','2025-12-19 13:12:09'),
 (42,'ORD-231154','user-uuid-18',2,NULL,'credit_card',500,25,0,525,'preparing','2025-12-19 13:12:09'),
 (43,'ORD-117362','user-uuid-18',2,NULL,'credit_card',500,25,0,525,'shipped','2025-12-19 13:12:09'),
 (44,'ORD-291548','user-uuid-18',2,NULL,'credit_card',500,25,0,525,'preparing','2025-12-19 13:12:09'),
 (45,'ORD-352924','user-uuid-18',2,NULL,'credit_card',500,25,0,525,'preparing','2025-12-19 13:12:09'),
 (46,'ORD-821005','user-uuid-18',2,NULL,'credit_card',500,25,0,525,'preparing','2025-12-19 13:12:09'),
 (47,'ORD-310006','user-uuid-18',2,NULL,'credit_card',500,25,0,525,'preparing','2025-12-19 13:12:09'),
 (48,'ORD-173937','user-uuid-18',2,NULL,'credit_card',500,25,0,525,'preparing','2025-12-19 13:12:09'),
 (49,'ORD-2437','user-uuid-18',2,NULL,'credit_card',500,25,0,525,'preparing','2025-12-19 13:12:09'),
 (50,'ORD-322728','user-uuid-18',2,NULL,'credit_card',500,25,0,525,'preparing','2025-12-19 13:12:09');
INSERT INTO "Product_Images" ("Id","ProductId","ImageUrl","IsMain") VALUES (1,1,'https://picsum.photos/400/400?random=1',1),
 (2,2,'https://picsum.photos/400/400?random=2',1),
 (3,3,'https://picsum.photos/400/400?random=3',1),
 (4,4,'https://picsum.photos/400/400?random=4',1),
 (5,5,'https://picsum.photos/400/400?random=5',1),
 (6,6,'https://picsum.photos/400/400?random=6',1),
 (7,7,'https://picsum.photos/400/400?random=7',1),
 (8,8,'https://picsum.photos/400/400?random=8',1),
 (9,9,'https://picsum.photos/400/400?random=9',1),
 (10,10,'https://picsum.photos/400/400?random=10',1),
 (11,11,'https://picsum.photos/400/400?random=11',1),
 (12,12,'https://picsum.photos/400/400?random=12',1),
 (13,13,'https://picsum.photos/400/400?random=13',1),
 (14,14,'https://picsum.photos/400/400?random=14',1),
 (15,15,'https://picsum.photos/400/400?random=15',1),
 (16,16,'https://picsum.photos/400/400?random=16',1),
 (17,17,'https://picsum.photos/400/400?random=17',1),
 (19,19,'https://picsum.photos/400/400?random=19',1),
 (21,21,'https://picsum.photos/400/400?random=21',1),
 (22,22,'https://picsum.photos/400/400?random=22',1),
 (23,23,'https://picsum.photos/400/400?random=23',1),
 (24,24,'https://picsum.photos/400/400?random=24',1),
 (25,25,'https://picsum.photos/400/400?random=25',1),
 (26,26,'https://picsum.photos/400/400?random=26',1),
 (27,27,'https://picsum.photos/400/400?random=27',1),
 (28,28,'https://picsum.photos/400/400?random=28',1),
 (29,29,'https://picsum.photos/400/400?random=29',1),
 (30,30,'https://picsum.photos/400/400?random=30',1),
 (31,31,'https://picsum.photos/400/400?random=31',1),
 (32,32,'https://picsum.photos/400/400?random=32',1),
 (34,34,'https://picsum.photos/400/400?random=34',1),
 (35,35,'https://picsum.photos/400/400?random=35',1),
 (36,36,'https://picsum.photos/400/400?random=36',1),
 (37,37,'https://picsum.photos/400/400?random=37',1),
 (38,38,'https://picsum.photos/400/400?random=38',1),
 (39,39,'https://picsum.photos/400/400?random=39',1),
 (40,40,'https://picsum.photos/400/400?random=40',1),
 (41,41,'https://picsum.photos/400/400?random=41',1),
 (43,43,'https://picsum.photos/400/400?random=43',1),
 (44,44,'https://picsum.photos/400/400?random=44',1),
 (45,45,'https://picsum.photos/400/400?random=45',1),
 (46,46,'https://picsum.photos/400/400?random=46',1),
 (47,47,'https://picsum.photos/400/400?random=47',1),
 (48,48,'https://picsum.photos/400/400?random=48',1),
 (49,49,'https://picsum.photos/400/400?random=49',1),
 (50,50,'https://picsum.photos/400/400?random=50',1),
 (51,51,'/images/products/76001c87-274a-4191-a239-96780f779a63_Rectangle 86.png',0),
 (52,52,'/images/products/63187195-afc6-4126-94aa-34d0962283b5_Gemini_Generated_Image_j0e3zhj0e3zhj0e3.png',0),
 (53,53,'/images/products/8d869aef-b613-419f-9be6-c7e2b5abbe30_Gemini_Generated_Image_pyig7dpyig7dpyig.png',0);
INSERT INTO "Product_Reports" ("Id","ReporterId","ProductId","Reason","Description","Status","CreatedAt") VALUES (21,'user-uuid-38',9,'Uygunsuz İçerik','Bu ürün açıklaması kurallara aykırı görünüyor. Örnek no: 21','pending','2025-12-19 13:14:17'),
 (22,'user-uuid-38',9,'Uygunsuz İçerik','Bu ürün açıklaması kurallara aykırı görünüyor. Örnek no: 22','pending','2025-12-19 13:14:17'),
 (23,'user-uuid-38',9,'Uygunsuz İçerik','Bu ürün açıklaması kurallara aykırı görünüyor. Örnek no: 23','pending','2025-12-19 13:14:17'),
 (25,'user-uuid-38',9,'Uygunsuz İçerik','Bu ürün açıklaması kurallara aykırı görünüyor. Örnek no: 25','pending','2025-12-19 13:14:17'),
 (26,'user-uuid-38',9,'Uygunsuz İçerik','Bu ürün açıklaması kurallara aykırı görünüyor. Örnek no: 26','pending','2025-12-19 13:14:17'),
 (27,'user-uuid-38',9,'Uygunsuz İçerik','Bu ürün açıklaması kurallara aykırı görünüyor. Örnek no: 27','pending','2025-12-19 13:14:17'),
 (28,'user-uuid-38',9,'Uygunsuz İçerik','Bu ürün açıklaması kurallara aykırı görünüyor. Örnek no: 28','pending','2025-12-19 13:14:17'),
 (29,'user-uuid-38',9,'Uygunsuz İçerik','Bu ürün açıklaması kurallara aykırı görünüyor. Örnek no: 29','pending','2025-12-19 13:14:17'),
 (30,'user-uuid-38',9,'Uygunsuz İçerik','Bu ürün açıklaması kurallara aykırı görünüyor. Örnek no: 30','pending','2025-12-19 13:14:17'),
 (31,'user-uuid-38',9,'Uygunsuz İçerik','Bu ürün açıklaması kurallara aykırı görünüyor. Örnek no: 31','pending','2025-12-19 13:14:17'),
 (32,'user-uuid-38',9,'Uygunsuz İçerik','Bu ürün açıklaması kurallara aykırı görünüyor. Örnek no: 32','pending','2025-12-19 13:14:17'),
 (33,'user-uuid-38',9,'Uygunsuz İçerik','Bu ürün açıklaması kurallara aykırı görünüyor. Örnek no: 33','pending','2025-12-19 13:14:17'),
 (34,'user-uuid-38',9,'Uygunsuz İçerik','Bu ürün açıklaması kurallara aykırı görünüyor. Örnek no: 34','pending','2025-12-19 13:14:17'),
 (35,'user-uuid-38',9,'Uygunsuz İçerik','Bu ürün açıklaması kurallara aykırı görünüyor. Örnek no: 35','pending','2025-12-19 13:14:17'),
 (36,'user-uuid-38',9,'Uygunsuz İçerik','Bu ürün açıklaması kurallara aykırı görünüyor. Örnek no: 36','pending','2025-12-19 13:14:17'),
 (37,'user-uuid-38',9,'Uygunsuz İçerik','Bu ürün açıklaması kurallara aykırı görünüyor. Örnek no: 37','pending','2025-12-19 13:14:17'),
 (38,'user-uuid-38',9,'Uygunsuz İçerik','Bu ürün açıklaması kurallara aykırı görünüyor. Örnek no: 38','pending','2025-12-19 13:14:17'),
 (39,'user-uuid-38',9,'Uygunsuz İçerik','Bu ürün açıklaması kurallara aykırı görünüyor. Örnek no: 39','pending','2025-12-19 13:14:17'),
 (40,'user-uuid-38',9,'Uygunsuz İçerik','Bu ürün açıklaması kurallara aykırı görünüyor. Örnek no: 40','pending','2025-12-19 13:14:17'),
 (41,'user-uuid-38',9,'Uygunsuz İçerik','Bu ürün açıklaması kurallara aykırı görünüyor. Örnek no: 41','pending','2025-12-19 13:14:17'),
 (42,'user-uuid-38',9,'Uygunsuz İçerik','Bu ürün açıklaması kurallara aykırı görünüyor. Örnek no: 42','pending','2025-12-19 13:14:17'),
 (43,'user-uuid-38',9,'Uygunsuz İçerik','Bu ürün açıklaması kurallara aykırı görünüyor. Örnek no: 43','pending','2025-12-19 13:14:17'),
 (44,'user-uuid-38',9,'Uygunsuz İçerik','Bu ürün açıklaması kurallara aykırı görünüyor. Örnek no: 44','pending','2025-12-19 13:14:17'),
 (45,'user-uuid-38',9,'Uygunsuz İçerik','Bu ürün açıklaması kurallara aykırı görünüyor. Örnek no: 45','pending','2025-12-19 13:14:17'),
 (46,'user-uuid-38',9,'Uygunsuz İçerik','Bu ürün açıklaması kurallara aykırı görünüyor. Örnek no: 46','pending','2025-12-19 13:14:17'),
 (47,'user-uuid-38',9,'Uygunsuz İçerik','Bu ürün açıklaması kurallara aykırı görünüyor. Örnek no: 47','pending','2025-12-19 13:14:17'),
 (48,'user-uuid-38',9,'Uygunsuz İçerik','Bu ürün açıklaması kurallara aykırı görünüyor. Örnek no: 48','pending','2025-12-19 13:14:17'),
 (49,'user-uuid-38',9,'Uygunsuz İçerik','Bu ürün açıklaması kurallara aykırı görünüyor. Örnek no: 49','pending','2025-12-19 13:14:17');
INSERT INTO "Products" ("Id","CategoryId","ColorId","CreatedAt","Description","Gender","IsFreeShipping","OriginalPrice","Price","SellerId","Status","StockQty","Title","UpdatedAt") VALUES (1,31,8,'2025-12-19 13:05:19','Bu bir test açıklamasıdır. Ürün no: 1','Unisex',0,NULL,824.5,'a4848af1-8053-49d1-8d0a-ea00b2d6c8c8','published',68,'Ürün Başlığı 1',NULL),
 (2,29,27,'2025-12-19 13:05:19','Bu bir test açıklamasıdır. Ürün no: 2','Unisex',1,NULL,474.5,'a4848af1-8053-49d1-8d0a-ea00b2d6c8c8','published',85,'Ürün Başlığı 2',NULL),
 (3,20,47,'2025-12-19 13:05:19','Bu bir test açıklamasıdır. Ürün no: 3','Unisex',0,NULL,520.5,'a4848af1-8053-49d1-8d0a-ea00b2d6c8c8','published',14,'Ürün Başlığı 3',NULL),
 (4,50,44,'2025-12-19 13:05:19','Bu bir test açıklamasıdır. Ürün no: 4','Unisex',0,NULL,795.5,'a4848af1-8053-49d1-8d0a-ea00b2d6c8c8','published',84,'Ürün Başlığı 4',NULL),
 (5,30,16,'2025-12-19 13:05:19','Bu bir test açıklamasıdır. Ürün no: 5','Unisex',0,NULL,430.5,'a4848af1-8053-49d1-8d0a-ea00b2d6c8c8','published',14,'Ürün Başlığı 5',NULL),
 (6,3,30,'2025-12-19 13:05:19','Bu bir test açıklamasıdır. Ürün no: 6','Unisex',1,NULL,137.5,'a4848af1-8053-49d1-8d0a-ea00b2d6c8c8','published',35,'Ürün Başlığı 6',NULL),
 (7,36,6,'2025-12-19 13:05:19','Bu bir test açıklamasıdır. Ürün no: 7','Unisex',0,NULL,457.5,'user-uuid-3','published',32,'Ürün Başlığı 7',NULL),
 (8,50,2,'2025-12-19 13:05:19','Bu bir test açıklamasıdır. Ürün no: 8','Unisex',1,NULL,923.5,'user-uuid-7','published',80,'Ürün Başlığı 8',NULL),
 (9,35,43,'2025-12-19 13:05:19','Bu bir test açıklamasıdır. Ürün no: 9','Unisex',1,NULL,148.5,'user-uuid-7','published',77,'Ürün Başlığı 9',NULL),
 (10,2,35,'2025-12-19 13:05:19','Bu bir test açıklamasıdır. Ürün no: 10','Unisex',0,NULL,218.5,'user-uuid-37','published',47,'Ürün Başlığı 10',NULL),
 (11,4,41,'2025-12-19 13:05:19','Bu bir test açıklamasıdır. Ürün no: 11','Unisex',1,NULL,286.5,'user-uuid-23','published',51,'Ürün Başlığı 11',NULL),
 (12,37,6,'2025-12-19 13:05:19','Bu bir test açıklamasıdır. Ürün no: 12','Unisex',0,NULL,778.5,'user-uuid-5','published',49,'Ürün Başlığı 12',NULL),
 (13,7,10,'2025-12-19 13:05:19','Bu bir test açıklamasıdır. Ürün no: 13','Unisex',0,NULL,211.5,'user-uuid-37','published',15,'Ürün Başlığı 13',NULL),
 (14,44,21,'2025-12-19 13:05:19','Bu bir test açıklamasıdır. Ürün no: 14','Unisex',1,NULL,749.5,'user-uuid-11','published',77,'Ürün Başlığı 14',NULL),
 (15,18,23,'2025-12-19 13:05:19','Bu bir test açıklamasıdır. Ürün no: 15','Unisex',1,NULL,1047.5,'user-uuid-20','published',17,'Ürün Başlığı 15',NULL),
 (16,32,32,'2025-12-19 13:05:19','Bu bir test açıklamasıdır. Ürün no: 16','Unisex',0,NULL,799.5,'user-uuid-3','published',61,'Ürün Başlığı 16',NULL),
 (17,25,5,'2025-12-19 13:05:19','Bu bir test açıklamasıdır. Ürün no: 17','Unisex',0,NULL,278.5,'user-uuid-5','published',74,'Ürün Başlığı 17',NULL),
 (19,40,48,'2025-12-19 13:05:19','Bu bir test açıklamasıdır. Ürün no: 19','Unisex',0,NULL,548.5,'user-uuid-19','published',62,'Ürün Başlığı 19',NULL),
 (21,43,6,'2025-12-19 13:05:19','Bu bir test açıklamasıdır. Ürün no: 21','Unisex',1,NULL,570.5,'user-uuid-45','published',10,'Ürün Başlığı 21',NULL),
 (22,22,18,'2025-12-19 13:05:19','Bu bir test açıklamasıdır. Ürün no: 22','Unisex',0,NULL,299.5,'user-uuid-44','published',54,'Ürün Başlığı 22',NULL),
 (23,44,6,'2025-12-19 13:05:19','Bu bir test açıklamasıdır. Ürün no: 23','Unisex',1,NULL,546.5,'user-uuid-24','published',47,'Ürün Başlığı 23',NULL),
 (24,45,21,'2025-12-19 13:05:19','Bu bir test açıklamasıdır. Ürün no: 24','Unisex',0,NULL,127.5,'user-uuid-17','published',62,'Ürün Başlığı 24',NULL),
 (25,39,12,'2025-12-19 13:05:19','Bu bir test açıklamasıdır. Ürün no: 25','Unisex',1,NULL,776.5,'user-uuid-40','published',51,'Ürün Başlığı 25',NULL),
 (26,6,44,'2025-12-19 13:05:19','Bu bir test açıklamasıdır. Ürün no: 26','Unisex',0,NULL,437.5,'user-uuid-36','published',56,'Ürün Başlığı 26',NULL),
 (27,1,12,'2025-12-19 13:05:19','Bu bir test açıklamasıdır. Ürün no: 27','Unisex',0,NULL,350.5,'user-uuid-39','published',84,'Ürün Başlığı 27',NULL),
 (28,28,47,'2025-12-19 13:05:19','Bu bir test açıklamasıdır. Ürün no: 28','Unisex',1,NULL,969.5,'user-uuid-42','published',93,'Ürün Başlığı 28',NULL),
 (29,43,20,'2025-12-19 13:05:19','Bu bir test açıklamasıdır. Ürün no: 29','Unisex',0,NULL,257.5,'user-uuid-30','published',77,'Ürün Başlığı 29',NULL),
 (30,20,1,'2025-12-19 13:05:19','Bu bir test açıklamasıdır. Ürün no: 30','Unisex',0,NULL,858.5,'user-uuid-49','published',86,'Ürün Başlığı 30',NULL),
 (31,26,44,'2025-12-19 13:05:19','Bu bir test açıklamasıdır. Ürün no: 31','Unisex',0,NULL,733.5,'user-uuid-49','published',96,'Ürün Başlığı 31',NULL),
 (32,21,15,'2025-12-19 13:05:19','Bu bir test açıklamasıdır. Ürün no: 32','Unisex',1,NULL,209.5,'user-uuid-14','published',3,'Ürün Başlığı 32',NULL),
 (34,25,50,'2025-12-19 13:05:19','Bu bir test açıklamasıdır. Ürün no: 34','Unisex',0,NULL,616.5,'user-uuid-29','published',71,'Ürün Başlığı 34',NULL),
 (35,44,33,'2025-12-19 13:05:19','Bu bir test açıklamasıdır. Ürün no: 35','Unisex',1,NULL,383.5,'user-uuid-35','published',33,'Ürün Başlığı 35',NULL),
 (36,50,32,'2025-12-19 13:05:19','Bu bir test açıklamasıdır. Ürün no: 36','Unisex',1,NULL,417.5,'user-uuid-7','published',15,'Ürün Başlığı 36',NULL),
 (37,25,3,'2025-12-19 13:05:19','Bu bir test açıklamasıdır. Ürün no: 37','Unisex',1,NULL,78.5,'user-uuid-38','published',78,'Ürün Başlığı 37',NULL),
 (38,8,1,'2025-12-19 13:05:19','Bu bir test açıklamasıdır. Ürün no: 38','Unisex',0,NULL,716.5,'user-uuid-8','published',38,'Ürün Başlığı 38',NULL),
 (39,35,10,'2025-12-19 13:05:19','Bu bir test açıklamasıdır. Ürün no: 39','Unisex',0,NULL,745.5,'user-uuid-27','published',88,'Ürün Başlığı 39',NULL),
 (40,44,8,'2025-12-19 13:05:19','Bu bir test açıklamasıdır. Ürün no: 40','Unisex',1,NULL,672.5,'user-uuid-49','published',34,'Ürün Başlığı 40',NULL),
 (41,24,15,'2025-12-19 13:05:19','Bu bir test açıklamasıdır. Ürün no: 41','Unisex',0,NULL,778.5,'user-uuid-13','published',15,'Ürün Başlığı 41',NULL),
 (43,3,42,'2025-12-19 13:05:19','Bu bir test açıklamasıdır. Ürün no: 43','Unisex',0,NULL,259.5,'user-uuid-50','published',85,'Ürün Başlığı 43',NULL),
 (44,13,17,'2025-12-19 13:05:19','Bu bir test açıklamasıdır. Ürün no: 44','Unisex',1,NULL,715.5,'user-uuid-39','published',47,'Ürün Başlığı 44',NULL),
 (45,13,25,'2025-12-19 13:05:19','Bu bir test açıklamasıdır. Ürün no: 45','Unisex',1,NULL,53.5,'user-uuid-28','published',63,'Ürün Başlığı 45',NULL),
 (46,7,11,'2025-12-19 13:05:19','Bu bir test açıklamasıdır. Ürün no: 46','Unisex',1,NULL,832.5,'user-uuid-21','published',43,'Ürün Başlığı 46',NULL),
 (47,12,44,'2025-12-19 13:05:19','Bu bir test açıklamasıdır. Ürün no: 47','Unisex',1,NULL,863.5,'user-uuid-24','published',92,'Ürün Başlığı 47',NULL),
 (48,27,28,'2025-12-19 13:05:19','Bu bir test açıklamasıdır. Ürün no: 48','Unisex',1,NULL,463.5,'user-uuid-27','published',69,'Ürün Başlığı 48',NULL),
 (49,17,17,'2025-12-19 13:05:19','Bu bir test açıklamasıdır. Ürün no: 49','Unisex',1,NULL,815.5,'user-uuid-26','published',41,'Ürün Başlığı 49',NULL),
 (50,41,29,'2025-12-19 13:05:19','Bu bir test açıklamasıdır. Ürün no: 50','Unisex',0,NULL,458.5,'user-uuid-31','published',21,'Ürün Başlığı 50',NULL),
 (51,10,NULL,'2025-12-20 12:10:47.7788006','sdfsdwrgsg','Unisex',0,NULL,443343,'fb9d5c03-2401-439b-b13c-731577faf088','published',1,'dsfds',NULL),
 (52,19,NULL,'2025-12-21 13:40:30.3274081','sdaffd',NULL,0,NULL,234,'2092ce23-4ea1-48ea-a358-9c8271f4e8c3','available',1,'sdfds',NULL),
 (53,17,NULL,'2025-12-21 16:33:29.919544','dsfds',NULL,0,NULL,324,'a4848af1-8053-49d1-8d0a-ea00b2d6c8c8','available',1,'sfds',NULL);
INSERT INTO "Reviews" ("Id","UserId","ProductId","Rating","Comment","CreatedAt") VALUES (1,'user-uuid-3',21,1,'Ürün oldukça başarılı, teşekkürler. No: 1','2025-12-19 13:12:38'),
 (2,'user-uuid-3',21,2,'Ürün oldukça başarılı, teşekkürler. No: 2','2025-12-19 13:12:38'),
 (3,'user-uuid-3',21,1,'Ürün oldukça başarılı, teşekkürler. No: 3','2025-12-19 13:12:38'),
 (4,'user-uuid-3',21,3,'Ürün oldukça başarılı, teşekkürler. No: 4','2025-12-19 13:12:38'),
 (5,'user-uuid-3',21,4,'Ürün oldukça başarılı, teşekkürler. No: 5','2025-12-19 13:12:38'),
 (6,'user-uuid-3',21,2,'Ürün oldukça başarılı, teşekkürler. No: 6','2025-12-19 13:12:38'),
 (7,'user-uuid-3',21,1,'Ürün oldukça başarılı, teşekkürler. No: 7','2025-12-19 13:12:38'),
 (8,'user-uuid-3',21,3,'Ürün oldukça başarılı, teşekkürler. No: 8','2025-12-19 13:12:38'),
 (9,'user-uuid-3',21,5,'Ürün oldukça başarılı, teşekkürler. No: 9','2025-12-19 13:12:38'),
 (10,'user-uuid-3',21,2,'Ürün oldukça başarılı, teşekkürler. No: 10','2025-12-19 13:12:38'),
 (11,'user-uuid-3',21,5,'Ürün oldukça başarılı, teşekkürler. No: 11','2025-12-19 13:12:38'),
 (12,'user-uuid-3',21,4,'Ürün oldukça başarılı, teşekkürler. No: 12','2025-12-19 13:12:38'),
 (13,'user-uuid-3',21,4,'Ürün oldukça başarılı, teşekkürler. No: 13','2025-12-19 13:12:38'),
 (14,'user-uuid-3',21,4,'Ürün oldukça başarılı, teşekkürler. No: 14','2025-12-19 13:12:38'),
 (15,'user-uuid-3',21,1,'Ürün oldukça başarılı, teşekkürler. No: 15','2025-12-19 13:12:38'),
 (16,'user-uuid-3',21,5,'Ürün oldukça başarılı, teşekkürler. No: 16','2025-12-19 13:12:38'),
 (17,'user-uuid-3',21,3,'Ürün oldukça başarılı, teşekkürler. No: 17','2025-12-19 13:12:38'),
 (18,'user-uuid-3',21,2,'Ürün oldukça başarılı, teşekkürler. No: 18','2025-12-19 13:12:38'),
 (19,'user-uuid-3',21,3,'Ürün oldukça başarılı, teşekkürler. No: 19','2025-12-19 13:12:38'),
 (20,'user-uuid-3',21,2,'Ürün oldukça başarılı, teşekkürler. No: 20','2025-12-19 13:12:38'),
 (21,'user-uuid-3',21,3,'Ürün oldukça başarılı, teşekkürler. No: 21','2025-12-19 13:12:38'),
 (22,'user-uuid-3',21,1,'Ürün oldukça başarılı, teşekkürler. No: 22','2025-12-19 13:12:38'),
 (23,'user-uuid-3',21,3,'Ürün oldukça başarılı, teşekkürler. No: 23','2025-12-19 13:12:38'),
 (24,'user-uuid-3',21,5,'Ürün oldukça başarılı, teşekkürler. No: 24','2025-12-19 13:12:38'),
 (25,'user-uuid-3',21,4,'Ürün oldukça başarılı, teşekkürler. No: 25','2025-12-19 13:12:38'),
 (26,'user-uuid-3',21,3,'Ürün oldukça başarılı, teşekkürler. No: 26','2025-12-19 13:12:38'),
 (27,'user-uuid-3',21,4,'Ürün oldukça başarılı, teşekkürler. No: 27','2025-12-19 13:12:38'),
 (28,'user-uuid-3',21,2,'Ürün oldukça başarılı, teşekkürler. No: 28','2025-12-19 13:12:38'),
 (29,'user-uuid-3',21,4,'Ürün oldukça başarılı, teşekkürler. No: 29','2025-12-19 13:12:38'),
 (30,'user-uuid-3',21,1,'Ürün oldukça başarılı, teşekkürler. No: 30','2025-12-19 13:12:38'),
 (31,'user-uuid-3',21,1,'Ürün oldukça başarılı, teşekkürler. No: 31','2025-12-19 13:12:38'),
 (32,'user-uuid-3',21,5,'Ürün oldukça başarılı, teşekkürler. No: 32','2025-12-19 13:12:38'),
 (33,'user-uuid-3',21,4,'Ürün oldukça başarılı, teşekkürler. No: 33','2025-12-19 13:12:38'),
 (34,'user-uuid-3',21,2,'Ürün oldukça başarılı, teşekkürler. No: 34','2025-12-19 13:12:38'),
 (35,'user-uuid-3',21,5,'Ürün oldukça başarılı, teşekkürler. No: 35','2025-12-19 13:12:38'),
 (36,'user-uuid-3',21,2,'Ürün oldukça başarılı, teşekkürler. No: 36','2025-12-19 13:12:38'),
 (37,'user-uuid-3',21,4,'Ürün oldukça başarılı, teşekkürler. No: 37','2025-12-19 13:12:38'),
 (38,'user-uuid-3',21,4,'Ürün oldukça başarılı, teşekkürler. No: 38','2025-12-19 13:12:38'),
 (39,'user-uuid-3',21,5,'Ürün oldukça başarılı, teşekkürler. No: 39','2025-12-19 13:12:38'),
 (40,'user-uuid-3',21,2,'Ürün oldukça başarılı, teşekkürler. No: 40','2025-12-19 13:12:38'),
 (41,'user-uuid-3',21,3,'Ürün oldukça başarılı, teşekkürler. No: 41','2025-12-19 13:12:38'),
 (42,'user-uuid-3',21,1,'Ürün oldukça başarılı, teşekkürler. No: 42','2025-12-19 13:12:38'),
 (43,'user-uuid-3',21,1,'Ürün oldukça başarılı, teşekkürler. No: 43','2025-12-19 13:12:38'),
 (44,'user-uuid-3',21,1,'Ürün oldukça başarılı, teşekkürler. No: 44','2025-12-19 13:12:38'),
 (45,'user-uuid-3',21,2,'Ürün oldukça başarılı, teşekkürler. No: 45','2025-12-19 13:12:38'),
 (46,'user-uuid-3',21,1,'Ürün oldukça başarılı, teşekkürler. No: 46','2025-12-19 13:12:38'),
 (47,'user-uuid-3',21,2,'Ürün oldukça başarılı, teşekkürler. No: 47','2025-12-19 13:12:38'),
 (48,'user-uuid-3',21,5,'Ürün oldukça başarılı, teşekkürler. No: 48','2025-12-19 13:12:38'),
 (49,'user-uuid-3',21,3,'Ürün oldukça başarılı, teşekkürler. No: 49','2025-12-19 13:12:38'),
 (50,'user-uuid-3',21,5,'Ürün oldukça başarılı, teşekkürler. No: 50','2025-12-19 13:12:38'),
 (51,'4d9d39df-900f-44a0-a657-54340c9ac9dd',30,1,'hkjb','2025-12-19 16:10:49.6224322');
INSERT INTO "Trade_Items" ("Id","TradeId","ProductId","ItemType") VALUES (1,4,12,'requested'),
 (2,4,22,'offered'),
 (3,4,19,'requested'),
 (4,6,35,'offered'),
 (6,7,26,'offered'),
 (7,93,19,'requested'),
 (8,93,19,'offered'),
 (9,93,19,'requested'),
 (10,93,19,'offered'),
 (11,93,19,'requested'),
 (12,93,19,'offered'),
 (13,93,19,'requested'),
 (14,93,19,'offered'),
 (15,93,19,'requested'),
 (16,93,19,'offered'),
 (17,93,19,'requested'),
 (18,93,19,'offered'),
 (19,93,19,'requested'),
 (20,93,19,'offered'),
 (21,93,19,'requested'),
 (22,93,19,'offered'),
 (23,93,19,'requested'),
 (24,93,19,'offered'),
 (25,93,19,'requested'),
 (26,93,19,'offered'),
 (27,93,19,'requested'),
 (28,93,19,'offered'),
 (29,93,19,'requested'),
 (30,93,19,'offered'),
 (31,93,19,'requested'),
 (32,93,19,'offered'),
 (33,93,19,'requested'),
 (34,93,19,'offered'),
 (35,93,19,'requested'),
 (36,93,19,'offered'),
 (37,93,19,'requested'),
 (38,93,19,'offered'),
 (39,93,19,'requested'),
 (40,93,19,'offered'),
 (41,93,19,'requested'),
 (42,93,19,'offered'),
 (43,93,19,'requested'),
 (44,93,19,'offered'),
 (45,93,19,'requested'),
 (46,93,19,'offered'),
 (47,93,19,'requested'),
 (48,93,19,'offered'),
 (49,93,19,'requested'),
 (50,93,19,'offered');
INSERT INTO "Trade_Offers" ("Id","CreatedAt","OfferedCashAmount","OffererId","OffererMessage","ReceiverId","Status","TradeCode","UpdatedAt","ProductId") VALUES (1,'2025-12-19 13:05:36',111,'user-uuid-1','msdklmfkldsklfjmvsk kj kldsj klm skd klfd mdslf ','fb9d5c03-2401-439b-b13c-731577faf088','pending','TRD-621828',NULL,51),
 (2,'2025-12-19 13:05:36',134,'user-uuid-12','dsjfajfl mkdlfj klsjdfmal ;l jkal ','fb9d5c03-2401-439b-b13c-731577faf088','Rejected','TRD-375277','2025-12-21 09:03:30.7774396',51),
 (3,'2025-12-19 13:05:36',433,'user-uuid-2','sdjf oskjldf jlads;lj fkldj lksaj fklj sld','fb9d5c03-2401-439b-b13c-731577faf088','Accepted','TRD-947820','2025-12-20 16:54:46.7581433',51),
 (4,'2025-12-19 13:05:36',401,'user-uuid-23','sdjf oskjldf jlads;lj fkldj lksaj fklj sld','a4848af1-8053-49d1-8d0a-ea00b2d6c8c8','pending','TRD-381265',NULL,4),
 (6,'2025-12-19 13:05:36',491,'user-uuid-14','sdjf oskjldf jlads;lj fkldj lksaj fklj sld','a4848af1-8053-49d1-8d0a-ea00b2d6c8c8','pending','TRD-988313',NULL,4),
 (7,'2025-12-19 13:05:36',174,'user-uuid-10','sdjf oskjldf jlads;lj fkldj lksaj fklj sld','a4848af1-8053-49d1-8d0a-ea00b2d6c8c8','pending','TRD-579652',NULL,4),
 (8,'2025-12-19 13:05:36',122,'user-uuid-19','sdjf oskjldf jlads;lj fkldj lksaj fklj sld','a4848af1-8053-49d1-8d0a-ea00b2d6c8c8','pending','TRD-686138',NULL,4),
 (9,'2025-12-19 13:05:36',420,'user-uuid-21',NULL,'a4848af1-8053-49d1-8d0a-ea00b2d6c8c8','pending','TRD-4436',NULL,4),
 (10,'2025-12-19 13:05:36',32,'user-uuid-20',NULL,'user-uuid-50','pending','TRD-353199',NULL,0),
 (12,'2025-12-19 13:05:36',86,'user-uuid-8',NULL,'user-uuid-36','pending','TRD-713081',NULL,0),
 (13,'2025-12-19 13:05:36',182,'user-uuid-7',NULL,'user-uuid-30','pending','TRD-990502',NULL,0),
 (14,'2025-12-19 13:05:36',218,'user-uuid-25',NULL,'user-uuid-38','pending','TRD-630254',NULL,0),
 (15,'2025-12-19 13:05:36',118,'user-uuid-14',NULL,'user-uuid-31','pending','TRD-646162',NULL,0),
 (16,'2025-12-19 13:05:36',214,'user-uuid-25',NULL,'user-uuid-29','pending','TRD-610693',NULL,0),
 (18,'2025-12-19 13:05:36',382,'user-uuid-22',NULL,'user-uuid-46','pending','TRD-404192',NULL,0),
 (19,'2025-12-19 13:05:36',39,'user-uuid-17',NULL,'user-uuid-40','pending','TRD-786771',NULL,0),
 (20,'2025-12-19 13:05:36',96,'user-uuid-18',NULL,'user-uuid-49','pending','TRD-563901',NULL,0),
 (21,'2025-12-19 13:05:36',109,'user-uuid-11',NULL,'user-uuid-36','pending','TRD-454947',NULL,0),
 (22,'2025-12-19 13:05:36',163,'user-uuid-21',NULL,'user-uuid-32','pending','TRD-663675',NULL,0),
 (23,'2025-12-19 13:05:36',134,'user-uuid-8',NULL,'user-uuid-41','pending','TRD-826195',NULL,0),
 (24,'2025-12-19 13:05:36',451,'user-uuid-17',NULL,'user-uuid-45','pending','TRD-301596',NULL,0),
 (25,'2025-12-19 13:05:36',81,'user-uuid-19',NULL,'user-uuid-41','pending','TRD-915680',NULL,0),
 (27,'2025-12-19 13:05:36',480,'user-uuid-3',NULL,'user-uuid-42','pending','TRD-3271',NULL,0),
 (30,'2025-12-19 13:05:36',64,'user-uuid-24',NULL,'user-uuid-46','pending','TRD-594429',NULL,0),
 (31,'2025-12-19 13:05:36',73,'user-uuid-19',NULL,'user-uuid-44','pending','TRD-869928',NULL,0),
 (32,'2025-12-19 13:05:36',358,'user-uuid-21',NULL,'user-uuid-27','pending','TRD-86883',NULL,0),
 (33,'2025-12-19 13:05:36',93,'user-uuid-5',NULL,'user-uuid-32','pending','TRD-60294',NULL,0),
 (34,'2025-12-19 13:05:36',155,'user-uuid-13',NULL,'user-uuid-47','pending','TRD-559981',NULL,0),
 (36,'2025-12-19 13:05:36',44,'user-uuid-11',NULL,'user-uuid-29','pending','TRD-434261',NULL,0),
 (37,'2025-12-19 13:05:36',342,'user-uuid-19',NULL,'user-uuid-39','pending','TRD-742650',NULL,0),
 (38,'2025-12-19 13:05:36',334,'user-uuid-13',NULL,'user-uuid-36','pending','TRD-343803',NULL,0),
 (39,'2025-12-19 13:05:36',159,'user-uuid-11',NULL,'user-uuid-28','pending','TRD-269144',NULL,0),
 (41,'2025-12-19 13:05:36',346,'user-uuid-13',NULL,'user-uuid-31','pending','TRD-901564',NULL,0),
 (42,'2025-12-19 13:05:36',292,'user-uuid-17',NULL,'user-uuid-48','pending','TRD-608313',NULL,0),
 (44,'2025-12-19 13:05:36',269,'user-uuid-21',NULL,'user-uuid-40','pending','TRD-711967',NULL,0),
 (45,'2025-12-19 13:05:36',495,'user-uuid-21',NULL,'user-uuid-26','pending','TRD-638050',NULL,0),
 (46,'2025-12-19 13:05:36',73,'user-uuid-6',NULL,'user-uuid-46','pending','TRD-27755',NULL,0),
 (47,'2025-12-19 13:05:36',130,'user-uuid-23',NULL,'user-uuid-50','pending','TRD-882967',NULL,0),
 (48,'2025-12-19 13:05:36',172,'user-uuid-18',NULL,'user-uuid-46','pending','TRD-697272',NULL,0),
 (50,'2025-12-19 13:05:36',65,'user-uuid-9',NULL,'user-uuid-46','pending','TRD-365905',NULL,0),
 (52,'2025-12-19 13:06:04',374,'user-uuid-23',NULL,'user-uuid-35','pending','TRD-950000',NULL,0),
 (53,'2025-12-19 13:06:04',216,'user-uuid-2',NULL,'user-uuid-41','pending','TRD-865785',NULL,0),
 (54,'2025-12-19 13:06:04',102,'user-uuid-10',NULL,'user-uuid-26','pending','TRD-641887',NULL,0),
 (56,'2025-12-19 13:06:04',91,'user-uuid-13',NULL,'user-uuid-29','pending','TRD-174376',NULL,0),
 (57,'2025-12-19 13:06:04',301,'user-uuid-19',NULL,'user-uuid-41','pending','TRD-994379',NULL,0),
 (58,'2025-12-19 13:06:04',324,'user-uuid-12',NULL,'user-uuid-27','pending','TRD-192839',NULL,0),
 (59,'2025-12-19 13:06:04',314,'user-uuid-13',NULL,'user-uuid-32','pending','TRD-757433',NULL,0),
 (60,'2025-12-19 13:06:04',190,'user-uuid-8',NULL,'user-uuid-37','pending','TRD-69628',NULL,0),
 (61,'2025-12-19 13:06:04',57,'user-uuid-11',NULL,'user-uuid-30','pending','TRD-305998',NULL,0),
 (62,'2025-12-19 13:06:04',320,'user-uuid-5',NULL,'user-uuid-49','pending','TRD-249183',NULL,0),
 (63,'2025-12-19 13:06:04',476,'user-uuid-17',NULL,'user-uuid-47','pending','TRD-683938',NULL,0),
 (64,'2025-12-19 13:06:04',271,'user-uuid-22',NULL,'user-uuid-48','pending','TRD-487712',NULL,0),
 (65,'2025-12-19 13:06:04',42,'user-uuid-21',NULL,'user-uuid-34','pending','TRD-943596',NULL,0),
 (66,'2025-12-19 13:06:04',127,'user-uuid-3',NULL,'user-uuid-38','pending','TRD-832962',NULL,0),
 (68,'2025-12-19 13:06:04',209,'user-uuid-20',NULL,'user-uuid-38','pending','TRD-218064',NULL,0),
 (69,'2025-12-19 13:06:04',21,'user-uuid-22',NULL,'user-uuid-47','pending','TRD-812737',NULL,0),
 (71,'2025-12-19 13:06:04',258,'user-uuid-8',NULL,'user-uuid-38','pending','TRD-178399',NULL,0),
 (72,'2025-12-19 13:06:04',419,'user-uuid-3',NULL,'user-uuid-38','pending','TRD-618600',NULL,0),
 (73,'2025-12-19 13:06:04',258,'user-uuid-25',NULL,'user-uuid-49','pending','TRD-971970',NULL,0),
 (74,'2025-12-19 13:06:04',321,'user-uuid-20',NULL,'user-uuid-36','pending','TRD-478670',NULL,0),
 (75,'2025-12-19 13:06:04',324,'user-uuid-8',NULL,'user-uuid-27','pending','TRD-591450',NULL,0),
 (76,'2025-12-19 13:06:04',467,'user-uuid-10',NULL,'user-uuid-29','pending','TRD-816937',NULL,0),
 (77,'2025-12-19 13:06:04',262,'user-uuid-17',NULL,'user-uuid-40','pending','TRD-746203',NULL,0),
 (78,'2025-12-19 13:06:04',272,'user-uuid-19',NULL,'user-uuid-35','pending','TRD-264864',NULL,0),
 (79,'2025-12-19 13:06:04',353,'user-uuid-5',NULL,'user-uuid-47','pending','TRD-8877',NULL,0),
 (80,'2025-12-19 13:06:04',115,'user-uuid-23',NULL,'user-uuid-46','pending','TRD-241621',NULL,0),
 (82,'2025-12-19 13:06:04',306,'user-uuid-17',NULL,'user-uuid-47','pending','TRD-127672',NULL,0),
 (83,'2025-12-19 13:06:04',194,'user-uuid-5',NULL,'user-uuid-42','pending','TRD-482090',NULL,0),
 (84,'2025-12-19 13:06:04',258,'user-uuid-12',NULL,'user-uuid-47','pending','TRD-150780',NULL,0),
 (85,'2025-12-19 13:06:04',350,'user-uuid-1',NULL,'user-uuid-34','pending','TRD-943310',NULL,0),
 (86,'2025-12-19 13:06:04',128,'user-uuid-6',NULL,'user-uuid-47','pending','TRD-544844',NULL,0),
 (87,'2025-12-19 13:06:04',242,'user-uuid-24',NULL,'user-uuid-30','pending','TRD-435850',NULL,0),
 (88,'2025-12-19 13:06:04',454,'user-uuid-18',NULL,'user-uuid-26','pending','TRD-604161',NULL,0),
 (89,'2025-12-19 13:06:04',151,'user-uuid-10',NULL,'user-uuid-43','pending','TRD-637923',NULL,0),
 (90,'2025-12-19 13:06:04',120,'user-uuid-10',NULL,'user-uuid-31','pending','TRD-79990',NULL,0),
 (91,'2025-12-19 13:06:04',164,'user-uuid-8',NULL,'user-uuid-47','pending','TRD-256131',NULL,0),
 (92,'2025-12-19 13:06:04',280,'user-uuid-7',NULL,'user-uuid-43','pending','TRD-686055',NULL,0),
 (93,'2025-12-19 13:06:04',323,'user-uuid-14',NULL,'user-uuid-41','pending','TRD-804044',NULL,0),
 (94,'2025-12-19 13:06:04',251,'user-uuid-7',NULL,'user-uuid-48','pending','TRD-471072',NULL,0),
 (95,'2025-12-19 13:06:04',252,'user-uuid-1',NULL,'user-uuid-42','pending','TRD-650271',NULL,0),
 (97,'2025-12-19 13:06:04',425,'user-uuid-9',NULL,'user-uuid-41','pending','TRD-825761',NULL,0),
 (98,'2025-12-19 13:06:04',15,'user-uuid-22',NULL,'user-uuid-42','pending','TRD-679284',NULL,0),
 (99,'2025-12-19 13:06:04',110,'user-uuid-25',NULL,'user-uuid-28','pending','TRD-961603',NULL,0),
 (100,'2025-12-19 13:06:04',39,'user-uuid-13',NULL,'user-uuid-35','pending','TRD-439769',NULL,0);
INSERT INTO "User_Cards" ("Id","UserId","CardHolderName","CardNumber","ExpiryDate","Cvv","IsDefault","CreatedAt") VALUES (1,'3c94a3b7-cade-42cf-b078-77b6347f5b37','Kart Sahibi 1','4444555566661001','12/28','123',0,'2025-12-19 13:14:17'),
 (2,'3c94a3b7-cade-42cf-b078-77b6347f5b37','Kart Sahibi 2','4444555566661002','12/28','123',0,'2025-12-19 13:14:17'),
 (3,'3c94a3b7-cade-42cf-b078-77b6347f5b37','Kart Sahibi 3','4444555566661003','12/28','123',0,'2025-12-19 13:14:17'),
 (4,'3c94a3b7-cade-42cf-b078-77b6347f5b37','Kart Sahibi 4','4444555566661004','12/28','123',0,'2025-12-19 13:14:17'),
 (5,'3c94a3b7-cade-42cf-b078-77b6347f5b37','Kart Sahibi 5','4444555566661005','12/28','123',0,'2025-12-19 13:14:17'),
 (6,'3c94a3b7-cade-42cf-b078-77b6347f5b37','Kart Sahibi 6','4444555566661006','12/28','123',0,'2025-12-19 13:14:17'),
 (7,'3c94a3b7-cade-42cf-b078-77b6347f5b37','Kart Sahibi 7','4444555566661007','12/28','123',0,'2025-12-19 13:14:17'),
 (8,'3c94a3b7-cade-42cf-b078-77b6347f5b37','Kart Sahibi 8','4444555566661008','12/28','123',0,'2025-12-19 13:14:17'),
 (9,'3c94a3b7-cade-42cf-b078-77b6347f5b37','Kart Sahibi 9','4444555566661009','12/28','123',0,'2025-12-19 13:14:17'),
 (10,'3c94a3b7-cade-42cf-b078-77b6347f5b37','Kart Sahibi 10','4444555566661010','12/28','123',1,'2025-12-19 13:14:17'),
 (11,'3c94a3b7-cade-42cf-b078-77b6347f5b37','Kart Sahibi 11','4444555566661011','12/28','123',0,'2025-12-19 13:14:17'),
 (12,'3c94a3b7-cade-42cf-b078-77b6347f5b37','Kart Sahibi 12','4444555566661012','12/28','123',0,'2025-12-19 13:14:17'),
 (13,'3c94a3b7-cade-42cf-b078-77b6347f5b37','Kart Sahibi 13','4444555566661013','12/28','123',0,'2025-12-19 13:14:17'),
 (14,'3c94a3b7-cade-42cf-b078-77b6347f5b37','Kart Sahibi 14','4444555566661014','12/28','123',0,'2025-12-19 13:14:17'),
 (15,'3c94a3b7-cade-42cf-b078-77b6347f5b37','Kart Sahibi 15','4444555566661015','12/28','123',0,'2025-12-19 13:14:17'),
 (16,'3c94a3b7-cade-42cf-b078-77b6347f5b37','Kart Sahibi 16','4444555566661016','12/28','123',0,'2025-12-19 13:14:17'),
 (17,'3c94a3b7-cade-42cf-b078-77b6347f5b37','Kart Sahibi 17','4444555566661017','12/28','123',0,'2025-12-19 13:14:17'),
 (18,'3c94a3b7-cade-42cf-b078-77b6347f5b37','Kart Sahibi 18','4444555566661018','12/28','123',0,'2025-12-19 13:14:17'),
 (19,'3c94a3b7-cade-42cf-b078-77b6347f5b37','Kart Sahibi 19','4444555566661019','12/28','123',0,'2025-12-19 13:14:17'),
 (20,'3c94a3b7-cade-42cf-b078-77b6347f5b37','Kart Sahibi 20','4444555566661020','12/28','123',1,'2025-12-19 13:14:17'),
 (21,'3c94a3b7-cade-42cf-b078-77b6347f5b37','Kart Sahibi 21','4444555566661021','12/28','123',0,'2025-12-19 13:14:17'),
 (22,'3c94a3b7-cade-42cf-b078-77b6347f5b37','Kart Sahibi 22','4444555566661022','12/28','123',0,'2025-12-19 13:14:17'),
 (23,'3c94a3b7-cade-42cf-b078-77b6347f5b37','Kart Sahibi 23','4444555566661023','12/28','123',0,'2025-12-19 13:14:17'),
 (24,'3c94a3b7-cade-42cf-b078-77b6347f5b37','Kart Sahibi 24','4444555566661024','12/28','123',0,'2025-12-19 13:14:17'),
 (25,'3c94a3b7-cade-42cf-b078-77b6347f5b37','Kart Sahibi 25','4444555566661025','12/28','123',0,'2025-12-19 13:14:17'),
 (26,'3c94a3b7-cade-42cf-b078-77b6347f5b37','Kart Sahibi 26','4444555566661026','12/28','123',0,'2025-12-19 13:14:17'),
 (27,'3c94a3b7-cade-42cf-b078-77b6347f5b37','Kart Sahibi 27','4444555566661027','12/28','123',0,'2025-12-19 13:14:17'),
 (28,'3c94a3b7-cade-42cf-b078-77b6347f5b37','Kart Sahibi 28','4444555566661028','12/28','123',0,'2025-12-19 13:14:17'),
 (29,'3c94a3b7-cade-42cf-b078-77b6347f5b37','Kart Sahibi 29','4444555566661029','12/28','123',0,'2025-12-19 13:14:17'),
 (30,'3c94a3b7-cade-42cf-b078-77b6347f5b37','Kart Sahibi 30','4444555566661030','12/28','123',1,'2025-12-19 13:14:17'),
 (31,'3c94a3b7-cade-42cf-b078-77b6347f5b37','Kart Sahibi 31','4444555566661031','12/28','123',0,'2025-12-19 13:14:17'),
 (32,'3c94a3b7-cade-42cf-b078-77b6347f5b37','Kart Sahibi 32','4444555566661032','12/28','123',0,'2025-12-19 13:14:17'),
 (33,'3c94a3b7-cade-42cf-b078-77b6347f5b37','Kart Sahibi 33','4444555566661033','12/28','123',0,'2025-12-19 13:14:17'),
 (34,'3c94a3b7-cade-42cf-b078-77b6347f5b37','Kart Sahibi 34','4444555566661034','12/28','123',0,'2025-12-19 13:14:17'),
 (35,'3c94a3b7-cade-42cf-b078-77b6347f5b37','Kart Sahibi 35','4444555566661035','12/28','123',0,'2025-12-19 13:14:17'),
 (36,'3c94a3b7-cade-42cf-b078-77b6347f5b37','Kart Sahibi 36','4444555566661036','12/28','123',0,'2025-12-19 13:14:17'),
 (37,'3c94a3b7-cade-42cf-b078-77b6347f5b37','Kart Sahibi 37','4444555566661037','12/28','123',0,'2025-12-19 13:14:17'),
 (38,'3c94a3b7-cade-42cf-b078-77b6347f5b37','Kart Sahibi 38','4444555566661038','12/28','123',0,'2025-12-19 13:14:17'),
 (39,'3c94a3b7-cade-42cf-b078-77b6347f5b37','Kart Sahibi 39','4444555566661039','12/28','123',0,'2025-12-19 13:14:17'),
 (40,'3c94a3b7-cade-42cf-b078-77b6347f5b37','Kart Sahibi 40','4444555566661040','12/28','123',1,'2025-12-19 13:14:17'),
 (41,'3c94a3b7-cade-42cf-b078-77b6347f5b37','Kart Sahibi 41','4444555566661041','12/28','123',0,'2025-12-19 13:14:17'),
 (42,'3c94a3b7-cade-42cf-b078-77b6347f5b37','Kart Sahibi 42','4444555566661042','12/28','123',0,'2025-12-19 13:14:17'),
 (43,'3c94a3b7-cade-42cf-b078-77b6347f5b37','Kart Sahibi 43','4444555566661043','12/28','123',0,'2025-12-19 13:14:17'),
 (44,'3c94a3b7-cade-42cf-b078-77b6347f5b37','Kart Sahibi 44','4444555566661044','12/28','123',0,'2025-12-19 13:14:17'),
 (45,'3c94a3b7-cade-42cf-b078-77b6347f5b37','Kart Sahibi 45','4444555566661045','12/28','123',0,'2025-12-19 13:14:17'),
 (46,'3c94a3b7-cade-42cf-b078-77b6347f5b37','Kart Sahibi 46','4444555566661046','12/28','123',0,'2025-12-19 13:14:17'),
 (47,'3c94a3b7-cade-42cf-b078-77b6347f5b37','Kart Sahibi 47','4444555566661047','12/28','123',0,'2025-12-19 13:14:17'),
 (48,'3c94a3b7-cade-42cf-b078-77b6347f5b37','Kart Sahibi 48','4444555566661048','12/28','123',0,'2025-12-19 13:14:17'),
 (49,'3c94a3b7-cade-42cf-b078-77b6347f5b37','Kart Sahibi 49','4444555566661049','12/28','123',0,'2025-12-19 13:14:17'),
 (50,'3c94a3b7-cade-42cf-b078-77b6347f5b37','Kart Sahibi 50','4444555566661050','12/28','123',1,'2025-12-19 13:14:17');
INSERT INTO "__EFMigrationsHistory" ("MigrationId","ProductVersion") VALUES ('20251212205005_InitialCreate','8.0.22'),
 ('20251214172855_converstaionGuncellendi','8.0.22'),
 ('20251215181302_takasSistemiGüncellendi','8.0.22'),
 ('20251215181400_takasGüncellendi','8.0.22'),
 ('20251215181746_FixStatusConstraint','8.0.22'),
 ('20251216170505_AddFavAndReports','8.0.22'),
 ('20251216173315_takasSistemiGuncellendi','8.0.22'),
 ('20251218203252_userAddresseklendi','8.0.22'),
 ('20251218222656_ProfileViewModelEklendi','8.0.22'),
 ('20251220164858_AddProductIdToTradeOffer','8.0.22'),
 ('20251221130821_addressNullOlabilir','8.0.22');
CREATE INDEX IF NOT EXISTS "EmailIndex" ON "AspNetUsers" (
	"NormalizedEmail"
);
CREATE INDEX IF NOT EXISTS "IX_Addresses_UserId" ON "Addresses" (
	"UserId"
);
CREATE INDEX IF NOT EXISTS "IX_AspNetRoleClaims_RoleId" ON "AspNetRoleClaims" (
	"RoleId"
);
CREATE INDEX IF NOT EXISTS "IX_AspNetUserClaims_UserId" ON "AspNetUserClaims" (
	"UserId"
);
CREATE INDEX IF NOT EXISTS "IX_AspNetUserLogins_UserId" ON "AspNetUserLogins" (
	"UserId"
);
CREATE INDEX IF NOT EXISTS "IX_AspNetUserRoles_RoleId" ON "AspNetUserRoles" (
	"RoleId"
);
CREATE INDEX IF NOT EXISTS "IX_Cart_Items_CartId" ON "Cart_Items" (
	"CartId"
);
CREATE INDEX IF NOT EXISTS "IX_Cart_Items_ProductId" ON "Cart_Items" (
	"ProductId"
);
CREATE INDEX IF NOT EXISTS "IX_Carts_UserId" ON "Carts" (
	"UserId"
);
CREATE INDEX IF NOT EXISTS "IX_Categories_ParentId" ON "Categories" (
	"ParentId"
);
CREATE INDEX IF NOT EXISTS "IX_Conversations_BuyerId" ON "Conversations" (
	"BuyerId"
);
CREATE INDEX IF NOT EXISTS "IX_Conversations_ProductId" ON "Conversations" (
	"ProductId"
);
CREATE INDEX IF NOT EXISTS "IX_Conversations_SellerId" ON "Conversations" (
	"SellerId"
);
CREATE UNIQUE INDEX IF NOT EXISTS "IX_Coupons_Code" ON "Coupons" (
	"Code"
);
CREATE INDEX IF NOT EXISTS "IX_Favorites_ProductId" ON "Favorites" (
	"ProductId"
);
CREATE INDEX IF NOT EXISTS "IX_Favorites_UserId" ON "Favorites" (
	"UserId"
);
CREATE INDEX IF NOT EXISTS "IX_Messages_ConversationId" ON "Messages" (
	"ConversationId"
);
CREATE INDEX IF NOT EXISTS "IX_Messages_SenderId" ON "Messages" (
	"SenderId"
);
CREATE INDEX IF NOT EXISTS "IX_Order_Items_OrderId" ON "Order_Items" (
	"OrderId"
);
CREATE INDEX IF NOT EXISTS "IX_Order_Items_ProductId" ON "Order_Items" (
	"ProductId"
);
CREATE INDEX IF NOT EXISTS "IX_Order_Items_SellerId" ON "Order_Items" (
	"SellerId"
);
CREATE INDEX IF NOT EXISTS "IX_Orders_AddressId" ON "Orders" (
	"AddressId"
);
CREATE INDEX IF NOT EXISTS "IX_Orders_BuyerId" ON "Orders" (
	"BuyerId"
);
CREATE INDEX IF NOT EXISTS "IX_Orders_CouponId" ON "Orders" (
	"CouponId"
);
CREATE UNIQUE INDEX IF NOT EXISTS "IX_Orders_OrderCode" ON "Orders" (
	"OrderCode"
);
CREATE INDEX IF NOT EXISTS "IX_Product_Images_ProductId" ON "Product_Images" (
	"ProductId"
);
CREATE INDEX IF NOT EXISTS "IX_Product_Reports_ProductId" ON "Product_Reports" (
	"ProductId"
);
CREATE INDEX IF NOT EXISTS "IX_Product_Reports_ReporterId" ON "Product_Reports" (
	"ReporterId"
);
CREATE INDEX IF NOT EXISTS "IX_Products_CategoryId" ON "Products" (
	"CategoryId"
);
CREATE INDEX IF NOT EXISTS "IX_Products_ColorId" ON "Products" (
	"ColorId"
);
CREATE INDEX IF NOT EXISTS "IX_Products_SellerId" ON "Products" (
	"SellerId"
);
CREATE INDEX IF NOT EXISTS "IX_Reviews_ProductId" ON "Reviews" (
	"ProductId"
);
CREATE INDEX IF NOT EXISTS "IX_Reviews_UserId" ON "Reviews" (
	"UserId"
);
CREATE INDEX IF NOT EXISTS "IX_Trade_Items_ProductId" ON "Trade_Items" (
	"ProductId"
);
CREATE INDEX IF NOT EXISTS "IX_Trade_Items_TradeId" ON "Trade_Items" (
	"TradeId"
);
CREATE INDEX IF NOT EXISTS "IX_Trade_Offers_OffererId" ON "Trade_Offers" (
	"OffererId"
);
CREATE INDEX IF NOT EXISTS "IX_Trade_Offers_ReceiverId" ON "Trade_Offers" (
	"ReceiverId"
);
CREATE UNIQUE INDEX IF NOT EXISTS "IX_Trade_Offers_TradeCode" ON "Trade_Offers" (
	"TradeCode"
);
CREATE INDEX IF NOT EXISTS "IX_User_Cards_UserId" ON "User_Cards" (
	"UserId"
);
CREATE UNIQUE INDEX IF NOT EXISTS "RoleNameIndex" ON "AspNetRoles" (
	"NormalizedName"
);
CREATE UNIQUE INDEX IF NOT EXISTS "UserNameIndex" ON "AspNetUsers" (
	"NormalizedUserName"
);
COMMIT;
